movieId,totalSeats,availableSeats,screenName,language,movieFormat,subtitle,screenType,filmFormat,theatreId,experienceKey,startTime,endTime
36400,206,198,SCREEN 1,Hindi,ATMOS,False,ATMOS,,24,atmos,2026-03-05T11:00:00,2026-03-05T13:44:00
36400,206,189,SCREEN 1,Hindi,ATMOS,False,ATMOS,,24,atmos,2026-03-05T13:45:00,2026-03-05T16:29:00
36400,41,39,INSIGNIA 3,Hindi,,False,INSIGNIA,,24,insignia,2026-03-05T14:40:00,2026-03-05T17:24:00
36400,41,41,INSIGNIA 3,Hindi,,False,INSIGNIA,,24,insignia,2026-03-05T21:00:00,2026-03-05T23:47:00
36400,293,288,AUDI 07,Hindi,,False,,,390,,2026-03-05T13:45:00,2026-03-05T16:33:00
36400,293,293,AUDI 07,Hindi,,False,,,390,,2026-03-05T16:35:00,2026-03-05T19:23:00
36400,293,293,AUDI 07,Hindi,,False,,,390,,2026-03-05T19:25:00,2026-03-05T22:13:00
36400,293,293,AUDI 07,Hindi,,False,,,390,,2026-03-05T22:15:00,2026-03-06T01:07:00
36400,52,46,AUDI 02,Hindi,,False,GOLD,,390,gold,2026-03-05T12:35:00,2026-03-05T15:27:00
36400,52,51,AUDI 01,Hindi,ATMOS,False,GOLD,,390,gold,2026-03-05T16:05:00,2026-03-05T18:53:00
36400,52,52,AUDI 01,Hindi,ATMOS,False,GOLD,,390,gold,2026-03-05T21:30:00,2026-03-06T00:22:00
36400,188,163,AUDI 04,Hindi,,False,,,391,,2026-03-05T11:00:00,2026-03-05T13:43:00
36400,188,147,AUDI 04,Hindi,,False,,,391,,2026-03-05T13:45:00,2026-03-05T16:34:00
36400,188,185,AUDI 03,Hindi,,False,,,391,,2026-03-05T16:35:00,2026-03-05T19:24:00
36400,188,183,AUDI 04,Hindi,,False,,,391,,2026-03-05T19:20:00,2026-03-05T22:09:00
36400,123,123,AUDI 06,Hindi,,False,,,391,,2026-03-05T21:00:00,2026-03-05T23:45:00
36400,188,188,AUDI 03,Hindi,,False,,,391,,2026-03-05T22:00:00,2026-03-06T00:49:00
36400,330,311,SCREEN 1,Hindi,,False,,,150,,2026-03-05T10:40:00,2026-03-05T13:24:00
36400,330,310,SCREEN 1,Hindi,,False,,,150,,2026-03-05T13:25:00,2026-03-05T16:09:00
36400,330,327,SCREEN 1,Hindi,,False,,,150,,2026-03-05T16:10:00,2026-03-05T18:54:00
36400,264,237,SCREEN 1,Hindi,ATMOS,False,ATMOS,,231,atmos,2026-03-05T11:00:00,2026-03-05T13:44:00
36400,264,222,SCREEN 1,Hindi,ATMOS,False,ATMOS,,231,atmos,2026-03-05T13:45:00,2026-03-05T16:28:00
36400,264,262,SCREEN 1,Hindi,ATMOS,False,ATMOS,,231,atmos,2026-03-05T16:30:00,2026-03-05T19:14:00
36400,264,264,SCREEN 1,Hindi,ATMOS,False,ATMOS,,231,atmos,2026-03-05T19:15:00,2026-03-05T21:58:00
36400,264,261,SCREEN 1,Hindi,ATMOS,False,ATMOS,,231,atmos,2026-03-05T22:00:00,2026-03-06T00:47:00
36400,211,205,SCREEN 1,Hindi,,False,,,110,,2026-03-05T10:30:00,2026-03-05T13:15:00
36400,211,200,SCREEN 1,Hindi,,False,,,110,,2026-03-05T13:20:00,2026-03-05T16:04:00
36400,62,62,SCREEN 2,Hindi,ATMOS,False,INSIGNIA,,110,insignia,2026-03-05T15:50:00,2026-03-05T18:33:00
36400,211,209,AUDI 03,Hindi,,False,LASER,,531,laser,2026-03-05T16:15:00,2026-03-05T19:04:00
36400,211,211,AUDI 03,Hindi,,False,LASER,,531,laser,2026-03-05T21:40:00,2026-03-06T00:29:00
36400,318,304,AUDI 01 PXL,Hindi,,False,PXL,,531,pxl,2026-03-05T11:10:00,2026-03-05T13:59:00
36400,318,298,AUDI 01 PXL,Hindi,,False,PXL,,531,pxl,2026-03-05T14:00:00,2026-03-05T16:49:00
36400,318,311,AUDI 01 PXL,Hindi,,False,PXL,,531,pxl,2026-03-05T19:25:00,2026-03-05T22:14:00
36400,206,204,SCREEN 2,Hindi,,False,,,510,,2026-03-05T18:50:00,2026-03-05T21:39:00
36400,259,243,SCREEN 3,Hindi,ATMOS,False,,,510,,2026-03-05T11:10:00,2026-03-05T13:59:00
36400,259,234,SCREEN 3,Hindi,ATMOS,False,,,510,,2026-03-05T16:35:00,2026-03-05T19:24:00
36400,58,54,AUDI 03,Hindi,,False,LUXE,,533,luxe,2026-03-05T18:10:00,2026-03-05T20:58:00
36400,43,40,AUDI 01,Hindi,,False,LUXE,,533,luxe,2026-03-05T20:30:00,2026-03-05T23:22:00
36400,53,44,AUDI 02,Hindi,ATMOS,False,LUXE,,533,luxe,2026-03-05T12:40:00,2026-03-05T15:28:00
36400,53,51,AUDI 02,Hindi,ATMOS,False,LUXE,,533,luxe,2026-03-05T15:30:00,2026-03-05T18:18:00
36400,420,376,AUDI 05 PXL,Hindi,ATMOS,False,PXL,,533,pxl,2026-03-05T11:00:00,2026-03-05T13:29:00
36400,420,384,AUDI 05 PXL,Hindi,ATMOS,False,PXL,,533,pxl,2026-03-05T13:30:00,2026-03-05T16:18:00
36400,420,413,AUDI 05 PXL,Hindi,ATMOS,False,PXL,,533,pxl,2026-03-05T16:20:00,2026-03-05T19:08:00
36400,420,418,AUDI 05 PXL,Hindi,ATMOS,False,PXL,,533,pxl,2026-03-05T19:10:00,2026-03-05T21:58:00
36400,420,404,AUDI 05 PXL,Hindi,ATMOS,False,PXL,,533,pxl,2026-03-05T22:00:00,2026-03-06T00:52:00
36400,44,39,AUDI 02 GOLD,Hindi,,False,GOLD,,511,gold,2026-03-05T15:35:00,2026-03-05T18:23:00
36400,44,44,AUDI 01 GOLD,Hindi,,False,GOLD,,511,gold,2026-03-05T19:40:00,2026-03-05T22:28:00
36400,44,41,AUDI 01 GOLD,Hindi,,False,GOLD,,511,gold,2026-03-05T22:30:00,2026-03-06T01:22:00
36400,319,293,AUDI 10 PXL,Hindi,ATMOS,False,PXL,,511,pxl,2026-03-05T11:00:00,2026-03-05T13:29:00
36400,319,248,AUDI 10 PXL,Hindi,ATMOS,False,PXL,,511,pxl,2026-03-05T13:30:00,2026-03-05T16:18:00
36400,319,307,AUDI 10 PXL,Hindi,ATMOS,False,PXL,,511,pxl,2026-03-05T16:20:00,2026-03-05T19:08:00
36400,319,296,AUDI 10 PXL,Hindi,ATMOS,False,PXL,,511,pxl,2026-03-05T19:10:00,2026-03-05T21:58:00
36400,319,311,AUDI 10 PXL,Hindi,ATMOS,False,PXL,,511,pxl,2026-03-05T22:00:00,2026-03-06T00:52:00
36400,233,203,AUDI 07,Hindi,,False,LASER,,534,laser,2026-03-05T10:30:00,2026-03-05T13:17:00
36400,233,192,AUDI 07,Hindi,,False,LASER,,534,laser,2026-03-05T13:20:00,2026-03-05T16:04:00
36400,233,227,AUDI 07,Hindi,,False,LASER,,534,laser,2026-03-05T16:05:00,2026-03-05T18:52:00
36400,111,108,AUDI 03,Hindi,,False,LASER,,534,laser,2026-03-05T19:00:00,2026-03-05T21:42:00
36400,114,110,AUDI 01,Hindi,,False,LASER,,534,laser,2026-03-05T21:40:00,2026-03-06T00:27:00
36400,205,191,AUDI 03,Hindi,,False,,,512,,2026-03-05T10:20:00,2026-03-05T13:09:00
36400,205,190,AUDI 03,Hindi,,False,,,512,,2026-03-05T13:20:00,2026-03-05T16:09:00
36400,205,191,AUDI 03,Hindi,,False,,,512,,2026-03-05T16:10:00,2026-03-05T18:59:00
36400,151,145,AUDI 05,Hindi,,False,,,512,,2026-03-05T18:55:00,2026-03-05T21:43:00
36400,151,145,AUDI 05,Hindi,,False,,,512,,2026-03-05T22:00:00,2026-03-06T00:49:00
36400,234,209,SCREEN-3,Hindi,,False,,,519,,2026-03-05T13:00:00,2026-03-05T15:49:00
36400,234,225,SCREEN-3,Hindi,,False,,,519,,2026-03-05T15:50:00,2026-03-05T18:40:00
36400,234,230,SCREEN-4,Hindi,,False,,,519,,2026-03-05T18:30:00,2026-03-05T21:18:00
36400,234,231,SCREEN-2,Hindi,,False,,,519,,2026-03-05T21:10:00,2026-03-06T00:00:00
36400,267,252,SCREEN 1,Hindi,,False,,,14,,2026-03-05T13:45:00,2026-03-05T16:28:00
36400,267,265,SCREEN 1,Hindi,,False,,,14,,2026-03-05T16:30:00,2026-03-05T19:13:00
36400,267,260,SCREEN 1,Hindi,,False,,,14,,2026-03-05T19:15:00,2026-03-05T21:59:00
36400,267,265,SCREEN 1,Hindi,,False,,,14,,2026-03-05T22:00:00,2026-03-06T00:47:00
36400,104,99,SCREEN 5,Hindi,,False,LASER,,282,laser,2026-03-05T11:00:00,2026-03-05T13:43:00
36400,104,100,SCREEN 5,Hindi,,False,LASER,,282,laser,2026-03-05T13:45:00,2026-03-05T16:28:00
36400,104,104,SCREEN 5,Hindi,,False,LASER,,282,laser,2026-03-05T16:30:00,2026-03-05T19:13:00
36400,104,104,SCREEN 5,Hindi,,False,LASER,,282,laser,2026-03-05T19:15:00,2026-03-05T21:58:00
36400,104,104,SCREEN 5,Hindi,,False,LASER,,282,laser,2026-03-05T22:00:00,2026-03-06T00:45:00
36400,183,158,SCREEN 3,Hindi,,False,,,261,,2026-03-05T12:45:00,2026-03-05T15:28:00
36400,183,181,SCREEN 3,Hindi,,False,,,261,,2026-03-05T15:30:00,2026-03-05T18:13:00
36400,183,183,SCREEN 3,Hindi,,False,,,261,,2026-03-05T18:15:00,2026-03-05T20:58:00
36400,183,180,SCREEN 3,Hindi,,False,,,261,,2026-03-05T21:00:00,2026-03-05T23:45:00
36400,271,256,AUDI 05,Hindi,,False,BIGPIX,,583,bigpix,2026-03-05T10:40:00,2026-03-05T13:27:00
36400,271,264,AUDI 05,Hindi,,False,BIGPIX,,583,bigpix,2026-03-05T16:05:00,2026-03-05T18:52:00
36400,26,23,AUDI 08,Hindi,,False,DINE-IN,,583,dine-in,2026-03-05T12:55:00,2026-03-05T15:42:00
36400,105,96,AUDI 05,Hindi,,False,,,385,,2026-03-05T10:30:00,2026-03-05T13:22:00
36400,277,268,AUDI 02,Hindi,,False,,,385,,2026-03-05T12:40:00,2026-03-05T15:29:00
36400,277,277,AUDI 02,Hindi,,False,,,385,,2026-03-05T15:30:00,2026-03-05T18:19:00
36400,277,277,AUDI 02,Hindi,,False,,,385,,2026-03-05T18:20:00,2026-03-05T21:09:00
36400,277,277,AUDI 02,Hindi,,False,,,385,,2026-03-05T21:10:00,2026-03-06T00:02:00
36400,279,259,AUDI 04,Hindi,ATMOS,False,,,520,,2026-03-05T10:40:00,2026-03-05T13:28:00
36400,279,242,AUDI 04,Hindi,ATMOS,False,,,520,,2026-03-05T13:30:00,2026-03-05T16:18:00
36400,279,252,AUDI 04,Hindi,ATMOS,False,,,520,,2026-03-05T16:20:00,2026-03-05T19:08:00
36400,279,272,AUDI 04,Hindi,ATMOS,False,,,520,,2026-03-05T19:10:00,2026-03-05T21:58:00
36400,279,269,AUDI 04,Hindi,ATMOS,False,,,520,,2026-03-05T22:00:00,2026-03-06T00:50:00
36400,31,29,AUDI 11 GOLD,Hindi,,False,GOLD,,520,gold,2026-03-05T13:00:00,2026-03-05T15:48:00
36400,31,31,AUDI 11 GOLD,Hindi,,False,GOLD,,520,gold,2026-03-05T18:50:00,2026-03-05T21:38:00
36400,31,29,AUDI 11 GOLD,Hindi,,False,GOLD,,520,gold,2026-03-05T21:40:00,2026-03-06T00:30:00
36400,192,187,SCREEN-4,Hindi,ATMOS,False,,,522,,2026-03-05T12:50:00,2026-03-05T15:39:00
36400,178,166,SCREEN-3,Hindi,ATMOS,False,,,522,,2026-03-05T15:16:00,2026-03-05T18:04:00
36400,192,187,SCREEN-4,Hindi,ATMOS,False,,,522,,2026-03-05T18:40:00,2026-03-05T21:29:00
36400,192,185,SCREEN-4,Hindi,ATMOS,False,,,522,,2026-03-05T21:30:00,2026-03-06T00:21:00
36400,215,211,SCREEN 2,Hindi,,False,,,148,,2026-03-05T22:25:00,2026-03-06T01:10:00
36400,36,26,SCREEN 3,Hindi,,False,INSIGNIA,,148,insignia,2026-03-05T13:00:00,2026-03-05T15:43:00
36400,36,32,SCREEN 3,Hindi,,False,INSIGNIA,,148,insignia,2026-03-05T18:45:00,2026-03-05T21:28:00
36400,304,285,SCREEN 3,Hindi,,False,,,127,,2026-03-05T11:05:00,2026-03-05T13:49:00
36400,304,276,SCREEN 3,Hindi,,False,,,127,,2026-03-05T13:50:00,2026-03-05T16:34:00
36400,304,302,SCREEN 3,Hindi,,False,,,127,,2026-03-05T19:15:00,2026-03-05T21:59:00
36400,304,304,SCREEN 3,Hindi,,False,,,127,,2026-03-05T22:00:00,2026-03-06T00:47:00
36400,108,90,SCREEN 2,Hindi,,False,,,208,,2026-03-05T11:10:00,2026-03-05T13:53:00
36400,108,94,SCREEN 2,Hindi,,False,,,208,,2026-03-05T13:55:00,2026-03-05T16:38:00
36400,108,63,SCREEN 2,Hindi,,False,,,208,,2026-03-05T19:15:00,2026-03-05T21:58:00
36400,108,101,SCREEN 2,Hindi,,False,,,208,,2026-03-05T22:00:00,2026-03-06T00:45:00
36400,190,174,AUDI 04,Hindi,,False,LASER,,528,laser,2026-03-05T11:00:00,2026-03-05T13:47:00
36400,118,105,AUDI 01,Hindi,,False,LASER,,528,laser,2026-03-05T12:00:00,2026-03-05T14:49:00
36400,190,184,AUDI 04,Hindi,,False,LASER,,528,laser,2026-03-05T16:35:00,2026-03-05T19:21:00
36400,178,178,AUDI 02,Hindi,,False,LASER,,528,laser,2026-03-05T18:50:00,2026-03-05T21:42:00
36400,190,190,AUDI 04,Hindi,,False,LASER,,528,laser,2026-03-05T22:05:00,2026-03-06T00:49:00
36400,40,40,AUDI 04,Hindi,,False,,,529,,2026-03-05T13:50:00,2026-03-05T16:24:00
36400,40,32,AUDI 04,Hindi,,False,,,529,,2026-03-05T16:25:00,2026-03-05T18:59:00
36400,41,31,AUDI 01,Hindi,,False,,,529,,2026-03-05T22:00:00,2026-03-06T00:37:00
36400,245,238,AUDI 7,Hindi,ATMOS,False,,,507,,2026-03-05T09:45:00,2026-03-05T12:34:00
36400,245,223,AUDI 7,Hindi,ATMOS,False,,,507,,2026-03-05T15:35:00,2026-03-05T18:26:00
36400,28,25,AUDI 10 GOLD,Hindi,,False,GOLD,,507,gold,2026-03-05T10:00:00,2026-03-05T12:51:00
36400,28,20,AUDI 10 GOLD,Hindi,,False,GOLD,,507,gold,2026-03-05T13:05:00,2026-03-05T15:54:00
36400,28,24,AUDI 11 GOLD,Hindi,,False,GOLD,,507,gold,2026-03-05T18:40:00,2026-03-05T21:29:00
36400,28,28,AUDI 11 GOLD,Hindi,,False,GOLD,,507,gold,2026-03-05T21:30:00,2026-03-06T00:22:00
36400,48,43,SCREEN 12,Hindi,,False,INSIGNIA,,309,insignia,2026-03-05T12:20:00,2026-03-05T15:09:00
36400,48,48,SCREEN 12,Hindi,,False,INSIGNIA,,309,insignia,2026-03-05T18:25:00,2026-03-05T21:14:00
36400,48,46,SCREEN 12,Hindi,,False,INSIGNIA,,309,insignia,2026-03-05T21:15:00,2026-03-06T00:07:00
36400,202,167,SCREEN 1,Hindi,ATMOS,False,LASER,,309,laser,2026-03-05T10:40:00,2026-03-05T13:29:00
36400,202,162,SCREEN 1,Hindi,ATMOS,False,LASER,,309,laser,2026-03-05T13:30:00,2026-03-05T16:19:00
36400,165,157,SCREEN 4,Hindi,ATMOS,False,LASER,,309,laser,2026-03-05T16:20:00,2026-03-05T19:09:00
36400,165,160,SCREEN 4,Hindi,ATMOS,False,LASER,,309,laser,2026-03-05T19:10:00,2026-03-05T21:59:00
36400,165,135,SCREEN 4,Hindi,ATMOS,False,LASER,,309,laser,2026-03-05T22:00:00,2026-03-06T00:49:00
36412,144,135,SCREEN 5,Hindi,,False,,,24,,2026-03-05T10:50:00,2026-03-05T13:37:00
36412,137,135,SCREEN 2,Hindi,,False,,,14,,2026-03-05T16:30:00,2026-03-05T19:17:00
36412,152,146,AUDI 04,Hindi,,True,,,390,,2026-03-05T18:50:00,2026-03-05T21:44:00
36412,62,62,SCREEN 2,Hindi,ATMOS,False,INSIGNIA,,110,insignia,2026-03-05T13:00:00,2026-03-05T15:47:00
36412,154,152,AUDI 02,Hindi,,True,,,583,,2026-03-05T18:50:00,2026-03-05T21:44:00
36412,161,158,AUDI 04,Hindi,,True,LASER,,531,laser,2026-03-05T15:20:00,2026-03-05T18:11:00
36412,151,141,AUDI 09,Hindi,,True,,,520,,2026-03-05T16:35:00,2026-03-05T19:29:00
36412,30,26,AUDI 10 GOLD,Hindi,,True,GOLD,,520,gold,2026-03-05T22:00:00,2026-03-06T00:54:00
36412,217,202,SCREEN 1,Hindi,,True,,,510,,2026-03-05T13:15:00,2026-03-05T16:09:00
36412,230,216,AUDI 06,Hindi,ATMOS,True,,,533,,2026-03-05T12:50:00,2026-03-05T15:44:00
36412,53,53,AUDI 02,Hindi,ATMOS,True,LUXE,,533,luxe,2026-03-05T18:20:00,2026-03-05T21:14:00
36412,228,205,AUDI 09,Hindi,,True,,,511,,2026-03-05T13:05:00,2026-03-05T15:59:00
36412,199,189,AUDI 06,Hindi,,True,,,512,,2026-03-05T12:05:00,2026-03-05T14:59:00
36412,105,102,SCREEN 1,Hindi,,False,,,208,,2026-03-05T18:55:00,2026-03-05T21:44:00
36412,170,161,SCREEN 3,Hindi,ATMOS,True,LASER,,309,laser,2026-03-05T15:30:00,2026-03-05T18:24:00
36412,40,38,AUDI 05,Hindi,,True,,,529,,2026-03-05T21:30:00,2026-03-06T00:09:00
36412,183,171,AUDI 9,Hindi,,True,,,507,,2026-03-05T13:00:00,2026-03-05T15:52:00
35805,206,206,SCREEN 5,Hindi,ATMOS,True,ATMOS,,110,atmos,2026-03-05T19:05:00,2026-03-05T21:58:00
35805,154,145,AUDI 02,Hindi,,True,,,583,,2026-03-05T12:10:00,2026-03-05T15:08:00
35805,145,139,SCREEN 4,Hindi,,True,,,24,,2026-03-05T22:15:00,2026-03-06T01:08:00
35805,110,106,AUDI 06,Hindi,,True,,,520,,2026-03-05T19:00:00,2026-03-05T21:58:00
35805,217,217,SCREEN 1,Hindi,,True,,,510,,2026-03-05T21:50:00,2026-03-06T00:48:00
35805,125,121,SCREEN-1,Hindi,ATMOS,True,,,522,,2026-03-05T18:45:00,2026-03-05T21:42:00
35805,230,223,AUDI 06,Hindi,ATMOS,True,,,533,,2026-03-05T15:45:00,2026-03-05T18:43:00
35805,58,58,AUDI 03,Hindi,,True,LUXE,,533,luxe,2026-03-05T21:00:00,2026-03-05T23:58:00
35805,276,215,AUDI 08,Hindi,,True,,,511,,2026-03-05T16:40:00,2026-03-05T19:24:00
35805,192,173,AUDI 02,Hindi,,True,,,512,,2026-03-05T13:30:00,2026-03-05T16:28:00
35805,40,35,AUDI 05,Hindi,,True,,,529,,2026-03-05T18:45:00,2026-03-05T21:28:00
35805,166,164,AUDI 8,Hindi,,True,,,507,,2026-03-05T22:00:00,2026-03-06T00:58:00
35805,28,22,AUDI 10 GOLD,Hindi,,True,GOLD,,507,gold,2026-03-05T15:55:00,2026-03-05T18:51:00
35805,41,39,SCREEN 14,Hindi,,True,INSIGNIA,,309,insignia,2026-03-05T11:00:00,2026-03-05T13:58:00
35805,170,168,SCREEN 3,Hindi,ATMOS,True,LASER,,309,laser,2026-03-05T21:00:00,2026-03-05T23:58:00
35040,41,39,INSIGNIA 3,Hindi,,True,INSIGNIA,,24,insignia,2026-03-05T17:25:00,2026-03-05T20:59:00
35040,268,264,SCREEN 3,Hindi,,True,,,14,,2026-03-05T14:55:00,2026-03-05T18:29:00
35040,245,245,AUDI 05,Hindi,,True,,,390,,2026-03-05T18:20:00,2026-03-05T21:59:00
35040,24,18,AUDI 08,Hindi,,True,GOLD,,390,gold,2026-03-05T13:50:00,2026-03-05T17:29:00
35040,242,242,SCREEN 3,Hindi,ATMOS,True,ATMOS,,150,atmos,2026-03-05T21:30:00,2026-03-06T01:04:00
35040,154,149,AUDI 02,Hindi,,True,,,583,,2026-03-05T15:10:00,2026-03-05T18:49:00
35040,95,88,AUDI 07,Hindi,,True,,,385,,2026-03-05T14:35:00,2026-03-05T18:14:00
35040,213,213,SCREEN 4,Hindi,,True,LASER,,231,laser,2026-03-05T21:30:00,2026-03-06T01:04:00
35040,184,182,SCREEN 4,Hindi,,True,,,110,,2026-03-05T12:35:00,2026-03-05T16:09:00
35040,144,144,AUDI 07,Hindi,,True,LASER,,531,laser,2026-03-05T21:00:00,2026-03-06T00:39:00
35040,143,139,AUDI 08,Hindi,,True,,,520,,2026-03-05T15:05:00,2026-03-05T18:44:00
35040,143,143,AUDI 08,Hindi,,True,,,520,,2026-03-05T21:45:00,2026-03-06T01:24:00
35040,206,205,SCREEN 2,Hindi,,True,,,510,,2026-03-05T15:10:00,2026-03-05T18:49:00
35040,125,125,SCREEN-1,Hindi,ATMOS,True,,,522,,2026-03-05T12:00:00,2026-03-05T15:39:00
35040,320,304,AUDI 04,Hindi,ATMOS,True,ATMOS,,511,atmos,2026-03-05T11:25:00,2026-03-05T15:04:00
35040,320,320,AUDI 04,Hindi,ATMOS,True,ATMOS,,511,atmos,2026-03-05T18:05:00,2026-03-05T21:44:00
35040,201,189,AUDI 08,Hindi,,True,,,533,,2026-03-05T12:00:00,2026-03-05T15:39:00
35040,53,53,AUDI 02,Hindi,ATMOS,True,LUXE,,533,luxe,2026-03-05T21:15:00,2026-03-06T00:54:00
35040,36,36,SCREEN 3,Hindi,,True,INSIGNIA,,148,insignia,2026-03-05T21:30:00,2026-03-06T01:04:00
35040,199,196,AUDI 06,Hindi,,True,,,512,,2026-03-05T15:00:00,2026-03-05T18:39:00
35040,41,36,AUDI 01,Hindi,,True,,,529,,2026-03-05T16:00:00,2026-03-05T19:24:00
35040,28,18,AUDI 11 GOLD,Hindi,,True,GOLD,,507,gold,2026-03-05T12:00:00,2026-03-05T15:39:00
35040,170,159,SCREEN 2,Hindi,,True,LASER,,309,laser,2026-03-05T18:00:00,2026-03-05T21:39:00
31741,186,186,SCREEN 2,English,,False,,,24,,2026-03-06T11:50:00,2026-03-06T14:39:00
31741,186,184,SCREEN 2,English,,False,,,24,,2026-03-06T17:05:00,2026-03-06T19:54:00
31741,186,186,SCREEN 2,English,,False,,,24,,2026-03-06T22:20:00,2026-03-07T01:09:00
31741,267,267,SCREEN 1,English,,False,,,14,,2026-03-06T11:00:00,2026-03-06T13:44:00
31741,267,267,SCREEN 1,English,,False,,,14,,2026-03-06T16:30:00,2026-03-06T19:19:00
31741,267,267,SCREEN 1,English,,False,,,14,,2026-03-06T22:20:00,2026-03-07T01:09:00
31741,152,152,AUDI 04,English,,False,,,390,,2026-03-06T13:00:00,2026-03-06T15:49:00
31741,52,52,AUDI 01,English,,False,GOLD,,390,gold,2026-03-06T18:40:00,2026-03-06T21:29:00
31741,259,258,AUDI 03,English,IMAX,True,IMAX,IMAX,390,imax,2026-03-06T11:30:00,2026-03-06T14:19:00
31741,259,258,AUDI 03,English,IMAX,True,IMAX,IMAX,390,imax,2026-03-06T16:45:00,2026-03-06T19:34:00
31741,259,259,AUDI 03,English,IMAX,True,IMAX,IMAX,390,imax,2026-03-06T22:00:00,2026-03-07T00:49:00
31741,188,188,AUDI 04,English,,False,,,391,,2026-03-06T12:50:00,2026-03-06T15:39:00
31741,171,171,AUDI 05,English,,False,,,391,,2026-03-06T16:15:00,2026-03-06T19:04:00
31741,188,188,AUDI 04,English,,False,,,391,,2026-03-06T18:30:00,2026-03-06T21:19:00
31741,171,171,AUDI 05,English,,False,,,391,,2026-03-06T21:30:00,2026-03-07T00:19:00
31741,183,183,SCREEN 3,English,,False,,,261,,2026-03-06T11:10:00,2026-03-06T13:59:00
31741,183,183,SCREEN 3,English,,False,,,261,,2026-03-06T16:25:00,2026-03-06T19:14:00
31741,183,183,SCREEN 3,English,,False,,,261,,2026-03-06T21:40:00,2026-03-07T00:29:00
31741,321,321,IMAX 5,English,IMAX,True,IMAX,IMAX,231,imax,2026-03-06T14:15:00,2026-03-06T17:04:00
31741,321,321,IMAX 5,English,IMAX,True,IMAX,IMAX,231,imax,2026-03-06T17:05:00,2026-03-06T19:54:00
31741,321,321,IMAX 5,English,IMAX,True,IMAX,IMAX,231,imax,2026-03-06T22:20:00,2026-03-07T01:09:00
31741,206,206,SCREEN 5,English,ATMOS,True,ATMOS,,110,atmos,2026-03-06T11:05:00,2026-03-06T13:54:00
31741,206,204,SCREEN 5,English,ATMOS,True,ATMOS,,110,atmos,2026-03-06T13:55:00,2026-03-06T16:44:00
31741,206,203,SCREEN 5,English,ATMOS,True,ATMOS,,110,atmos,2026-03-06T19:10:00,2026-03-06T21:59:00
31741,62,62,SCREEN 2,English,ATMOS,True,INSIGNIA,,110,insignia,2026-03-06T21:00:00,2026-03-06T23:49:00
31741,190,190,AUDI 07,English,,False,,,583,,2026-03-06T16:00:00,2026-03-06T18:49:00
31741,190,185,AUDI 07,English,,False,,,583,,2026-03-06T21:40:00,2026-03-07T00:29:00
31741,26,26,AUDI 08,English,,False,DINE-IN,,583,dine-in,2026-03-06T11:10:00,2026-03-06T13:59:00
31741,26,26,AUDI 08,English,,False,DINE-IN,,583,dine-in,2026-03-06T14:00:00,2026-03-06T16:49:00
31741,26,26,AUDI 08,English,,False,DINE-IN,,583,dine-in,2026-03-06T19:10:00,2026-03-06T21:59:00
31741,272,272,AUDI 03,English,,False,,,385,,2026-03-06T10:10:00,2026-03-06T12:59:00
31741,272,272,AUDI 03,English,,False,,,385,,2026-03-06T13:00:00,2026-03-06T15:49:00
31741,272,272,AUDI 03,English,,False,,,385,,2026-03-06T15:50:00,2026-03-06T18:39:00
31741,272,272,AUDI 03,English,,False,,,385,,2026-03-06T18:40:00,2026-03-06T21:29:00
31741,272,272,AUDI 03,English,,False,,,385,,2026-03-06T21:30:00,2026-03-07T00:19:00
31741,76,76,AUDI 05 4DX,English,4DX,True,4DX,,531,4dx,2026-03-06T16:15:00,2026-03-06T19:04:00
31741,76,76,AUDI 05 4DX,English,4DX,True,4DX,,531,4dx,2026-03-06T21:30:00,2026-03-07T00:19:00
31741,197,197,AUDI 06,English,,False,LASER,,531,laser,2026-03-06T11:15:00,2026-03-06T14:04:00
31741,144,144,AUDI 07,English,,False,LASER,,531,laser,2026-03-06T14:00:00,2026-03-06T16:46:00
31741,197,197,AUDI 06,English,,False,LASER,,531,laser,2026-03-06T18:50:00,2026-03-06T21:39:00
31741,108,108,AUDI 07 4DX,English,4DX,True,4DX,,520,4dx,2026-03-06T14:40:00,2026-03-06T17:09:00
31741,108,108,AUDI 07 4DX,English,4DX,True,4DX,,520,4dx,2026-03-06T17:10:00,2026-03-06T19:39:00
31741,108,108,AUDI 07 4DX,English,4DX,True,4DX,,520,4dx,2026-03-06T21:45:00,2026-03-07T00:14:00
31741,30,30,AUDI 10 GOLD,English,,False,GOLD,,520,gold,2026-03-06T13:30:00,2026-03-06T16:19:00
31741,303,303,AUDI 02 IMAX,English,IMAX,True,IMAX,IMAX,520,imax,2026-03-06T11:00:00,2026-03-06T13:39:00
31741,303,301,AUDI 02 IMAX,English,IMAX,True,IMAX,IMAX,520,imax,2026-03-06T19:25:00,2026-03-06T22:14:00
31741,217,217,SCREEN 1,English,,False,,,510,,2026-03-06T13:25:00,2026-03-06T16:14:00
31741,206,206,SCREEN 2,English,,False,,,510,,2026-03-06T16:25:00,2026-03-06T19:14:00
31741,206,204,SCREEN 2,English,,False,,,510,,2026-03-06T21:40:00,2026-03-07T00:29:00
31741,236,234,IMAX 4,English,IMAX,True,IMAX,IMAX,148,imax,2026-03-06T12:00:00,2026-03-06T14:46:00
31741,236,232,IMAX 4,English,IMAX,True,IMAX,IMAX,148,imax,2026-03-06T17:15:00,2026-03-06T20:01:00
31741,236,231,IMAX 4,English,IMAX,True,IMAX,IMAX,148,imax,2026-03-06T22:30:00,2026-03-07T01:16:00
31741,81,79,AUDI 03 4DX,English,4DX,True,4DX,,511,4dx,2026-03-06T11:40:00,2026-03-06T14:29:00
31741,81,81,AUDI 03 4DX,English,4DX,True,4DX,,511,4dx,2026-03-06T16:55:00,2026-03-06T19:44:00
31741,81,81,AUDI 03 4DX,English,4DX,True,4DX,,511,4dx,2026-03-06T22:10:00,2026-03-07T00:59:00
31741,375,374,AUDI 05,English,ATMOS,True,ATMOS,,511,atmos,2026-03-06T13:35:00,2026-03-06T16:24:00
31741,375,374,AUDI 05,English,ATMOS,True,ATMOS,,511,atmos,2026-03-06T18:50:00,2026-03-06T21:39:00
31741,375,373,AUDI 05,English,ATMOS,True,ATMOS,,511,atmos,2026-03-06T21:40:00,2026-03-07T00:29:00
31741,201,201,AUDI 08,English,,False,,,533,,2026-03-06T16:40:00,2026-03-06T19:29:00
31741,201,201,AUDI 08,English,,False,,,533,,2026-03-06T22:30:00,2026-03-07T01:19:00
31741,88,88,AUDI 11 4DX,English,4DX,True,4DX,,533,4dx,2026-03-06T13:25:00,2026-03-06T16:14:00
31741,88,88,AUDI 11 4DX,English,4DX,True,4DX,,533,4dx,2026-03-06T18:40:00,2026-03-06T21:29:00
31741,43,43,AUDI 01,English,,False,LUXE,,533,luxe,2026-03-06T10:35:00,2026-03-06T13:24:00
31741,84,84,AUDI 04 4DX,English,4DX,True,4DX,,534,4dx,2026-03-06T16:15:00,2026-03-06T19:04:00
31741,84,84,AUDI 04 4DX,English,4DX,True,4DX,,534,4dx,2026-03-06T21:30:00,2026-03-07T00:19:00
31741,114,114,AUDI 01,English,,False,LASER,,534,laser,2026-03-06T10:50:00,2026-03-06T13:39:00
31741,121,121,AUDI 02,English,,False,LASER,,534,laser,2026-03-06T12:25:00,2026-03-06T15:14:00
31741,121,121,AUDI 02,English,,False,LASER,,534,laser,2026-03-06T17:40:00,2026-03-06T20:29:00
31741,205,205,AUDI 03,English,,False,,,512,,2026-03-06T10:25:00,2026-03-06T13:14:00
31741,205,205,AUDI 03,English,,False,,,512,,2026-03-06T16:05:00,2026-03-06T18:54:00
31741,86,86,AUDI 01,English,4DX,True,4DX,,512,4dx,2026-03-06T13:25:00,2026-03-06T16:14:00
31741,86,83,AUDI 01,English,4DX,True,4DX,,512,4dx,2026-03-06T18:40:00,2026-03-06T21:29:00
31741,276,276,SCREEN 2,English,,False,,,127,,2026-03-06T11:50:00,2026-03-06T14:39:00
31741,276,276,SCREEN 2,English,,False,,,127,,2026-03-06T17:05:00,2026-03-06T19:54:00
31741,276,276,SCREEN 2,English,,False,,,127,,2026-03-06T22:20:00,2026-03-07T01:09:00
31741,167,167,AUDI 05,English,,False,LASER,,528,laser,2026-03-06T12:00:00,2026-03-06T14:49:00
31741,178,178,AUDI 02,English,,False,LASER,,528,laser,2026-03-06T16:25:00,2026-03-06T19:14:00
31741,178,178,AUDI 02,English,,False,LASER,,528,laser,2026-03-06T21:40:00,2026-03-07T00:29:00
31741,92,92,AUDI 2 4DX,English,4DX,True,4DX,,507,4dx,2026-03-06T10:00:00,2026-03-06T12:29:00
31741,92,92,AUDI 2 4DX,English,4DX,True,4DX,,507,4dx,2026-03-06T15:10:00,2026-03-06T17:39:00
31741,92,92,AUDI 2 4DX,English,4DX,True,4DX,,507,4dx,2026-03-06T19:45:00,2026-03-06T22:14:00
31741,335,330,AUDI 1 IMAX,English,IMAX,True,IMAX,IMAX,507,imax,2026-03-06T12:00:00,2026-03-06T14:49:00
31741,335,333,AUDI 1 IMAX,English,IMAX,True,IMAX,IMAX,507,imax,2026-03-06T17:15:00,2026-03-06T20:04:00
31741,335,325,AUDI 1 IMAX,English,IMAX,True,IMAX,IMAX,507,imax,2026-03-06T22:30:00,2026-03-07T01:19:00
31741,44,44,AUDI 02,English,,False,,,529,,2026-03-06T12:00:00,2026-03-06T14:34:00
31741,44,44,AUDI 02,English,,False,,,529,,2026-03-06T14:35:00,2026-03-06T17:09:00
31741,44,40,AUDI 02,English,,False,,,529,,2026-03-06T19:55:00,2026-03-06T22:29:00
31741,44,44,AUDI 02,English,,False,,,529,,2026-03-06T22:30:00,2026-03-07T01:04:00
31741,40,40,SCREEN 13,English,,False,INSIGNIA,,309,insignia,2026-03-06T15:35:00,2026-03-06T18:24:00
31741,170,170,SCREEN 3,English,,False,LASER,,309,laser,2026-03-06T10:00:00,2026-03-06T12:45:00
31741,170,170,SCREEN 3,English,,False,LASER,,309,laser,2026-03-06T12:50:00,2026-03-06T15:38:00
31741,170,170,SCREEN 3,English,,False,LASER,,309,laser,2026-03-06T18:40:00,2026-03-06T21:25:00
31741,170,170,SCREEN 3,English,,False,LASER,,309,laser,2026-03-06T21:30:00,2026-03-07T00:16:00
31741,234,234,SCREEN-5,English,ATMOS,True,,,519,,2026-03-06T13:55:00,2026-03-06T16:41:00
31741,234,232,SCREEN-5,English,ATMOS,True,,,519,,2026-03-06T19:20:00,2026-03-06T22:09:00
31741,234,234,SCREEN-5,English,ATMOS,True,,,519,,2026-03-06T22:10:00,2026-03-07T00:59:00
35281,186,184,SCREEN 2,English,3D,True,,3D,24,,2026-03-06T14:40:00,2026-03-06T17:03:00
35281,186,179,SCREEN 2,English,3D,True,,3D,24,,2026-03-06T19:55:00,2026-03-06T22:18:00
35281,206,202,SCREEN 1,English,3D,True,ATMOS,3D,24,atmos,2026-03-06T11:05:00,2026-03-06T13:28:00
35281,178,174,AUDI 06,English,3D,True,,3D,390,,2026-03-06T11:35:00,2026-03-06T13:58:00
35281,178,178,AUDI 06,English,3D,True,,3D,390,,2026-03-06T16:55:00,2026-03-06T19:18:00
35281,52,50,AUDI 01,English,3D ATMOS,True,GOLD,3D,390,gold,2026-03-06T21:30:00,2026-03-06T23:55:00
35281,259,257,AUDI 03,English,3D IMAX,True,IMAX,3D IMAX,390,imax,2026-03-06T14:20:00,2026-03-06T16:43:00
35281,259,242,AUDI 03,English,3D IMAX,True,IMAX,3D IMAX,390,imax,2026-03-06T19:35:00,2026-03-06T21:58:00
35281,171,171,AUDI 05,English,3D,True,,3D,391,,2026-03-06T11:25:00,2026-03-06T13:48:00
35281,171,171,AUDI 05,English,3D,True,,3D,391,,2026-03-06T13:50:00,2026-03-06T16:13:00
35281,171,171,AUDI 05,English,3D,True,,3D,391,,2026-03-06T19:05:00,2026-03-06T21:28:00
35281,264,263,SCREEN 1,English,3D ATMOS,True,ATMOS,3D,231,atmos,2026-03-06T14:20:00,2026-03-06T16:43:00
35281,321,321,IMAX 5,English,3D IMAX,True,IMAX,3D IMAX,231,imax,2026-03-06T11:50:00,2026-03-06T14:13:00
35281,321,321,IMAX 5,English,3D IMAX,True,IMAX,3D IMAX,231,imax,2026-03-06T19:55:00,2026-03-06T22:18:00
35281,206,206,SCREEN 5,English,3D ATMOS,True,ATMOS,3D,110,atmos,2026-03-06T16:45:00,2026-03-06T19:08:00
35281,206,204,SCREEN 5,English,3D ATMOS,True,ATMOS,3D,110,atmos,2026-03-06T22:00:00,2026-03-07T00:25:00
35281,62,62,SCREEN 2,English,3D ATMOS,True,INSIGNIA,3D,110,insignia,2026-03-06T12:55:00,2026-03-06T15:18:00
35281,76,76,AUDI 05 4DX,English,3D 4DX,True,4DX,3D,531,4dx,2026-03-06T11:25:00,2026-03-06T13:48:00
35281,76,76,AUDI 05 4DX,English,3D 4DX,True,4DX,3D,531,4dx,2026-03-06T13:50:00,2026-03-06T16:13:00
35281,76,73,AUDI 05 4DX,English,3D 4DX,True,4DX,3D,531,4dx,2026-03-06T19:05:00,2026-03-06T21:28:00
35281,197,191,AUDI 06,English,3D,True,LASER,3D,531,laser,2026-03-06T16:25:00,2026-03-06T18:48:00
35281,206,203,SCREEN 2,English,3D,True,,3D,510,,2026-03-06T11:35:00,2026-03-06T13:58:00
35281,206,206,SCREEN 2,English,3D,True,,3D,510,,2026-03-06T14:00:00,2026-03-06T16:23:00
35281,206,194,SCREEN 2,English,3D,True,,3D,510,,2026-03-06T19:15:00,2026-03-06T21:38:00
35281,88,83,AUDI 11 4DX,English,3D 4DX,True,4DX,3D,533,4dx,2026-03-06T11:00:00,2026-03-06T13:23:00
35281,88,81,AUDI 11 4DX,English,3D 4DX,True,4DX,3D,533,4dx,2026-03-06T16:15:00,2026-03-06T18:38:00
35281,88,87,AUDI 11 4DX,English,3D 4DX,True,4DX,3D,533,4dx,2026-03-06T21:30:00,2026-03-06T23:55:00
35281,227,225,AUDI 12 ICE,English,3D ICE,True,ICE,3D ICE,533,ice,2026-03-06T13:50:00,2026-03-06T16:13:00
35281,227,227,AUDI 12 ICE,English,3D ICE,True,ICE,3D ICE,533,ice,2026-03-06T18:35:00,2026-03-06T20:58:00
35281,231,228,AUDI 11,English,3D,True,,3D,511,,2026-03-06T21:45:00,2026-03-07T00:10:00
35281,81,81,AUDI 03 4DX,English,3D 4DX,True,4DX,3D,511,4dx,2026-03-06T14:30:00,2026-03-06T16:53:00
35281,81,81,AUDI 03 4DX,English,3D 4DX,True,4DX,3D,511,4dx,2026-03-06T19:45:00,2026-03-06T22:08:00
35281,375,375,AUDI 05,English,3D ATMOS,True,ATMOS,3D,511,atmos,2026-03-06T16:25:00,2026-03-06T18:48:00
35281,44,44,AUDI 02 GOLD,English,3D,True,GOLD,3D,511,gold,2026-03-06T13:30:00,2026-03-06T15:53:00
35281,84,84,AUDI 04 4DX,English,3D 4DX,True,4DX,3D,534,4dx,2026-03-06T11:25:00,2026-03-06T13:48:00
35281,84,84,AUDI 04 4DX,English,3D 4DX,True,4DX,3D,534,4dx,2026-03-06T13:50:00,2026-03-06T16:13:00
35281,84,84,AUDI 04 4DX,English,3D 4DX,True,4DX,3D,534,4dx,2026-03-06T19:05:00,2026-03-06T21:28:00
35281,121,118,AUDI 02,English,3D,True,LASER,3D,534,laser,2026-03-06T15:15:00,2026-03-06T17:38:00
35281,121,119,AUDI 02,English,3D,True,LASER,3D,534,laser,2026-03-06T20:30:00,2026-03-06T22:55:00
35281,86,85,AUDI 01,English,3D 4DX,True,4DX,3D,512,4dx,2026-03-06T11:00:00,2026-03-06T13:23:00
35281,86,84,AUDI 01,English,3D 4DX,True,4DX,3D,512,4dx,2026-03-06T16:15:00,2026-03-06T18:38:00
35281,119,115,AUDI 04,English,3D,True,PLAYHOUSE,3D,512,playhouse,2026-03-06T13:20:00,2026-03-06T15:43:00
35281,119,109,AUDI 04,English,3D,True,PLAYHOUSE,3D,512,playhouse,2026-03-06T18:05:00,2026-03-06T20:28:00
35281,119,104,AUDI 04,English,3D,True,PLAYHOUSE,3D,512,playhouse,2026-03-06T20:30:00,2026-03-06T22:55:00
35281,234,234,SCREEN-3,English,3D ATMOS,True,,3D,519,,2026-03-06T13:25:00,2026-03-06T15:48:00
35281,234,234,SCREEN-3,English,3D ATMOS,True,,3D,519,,2026-03-06T18:55:00,2026-03-06T21:18:00
35281,189,189,SCREEN-1,English,3D ATMOS,True,,3D,519,,2026-03-06T21:20:00,2026-03-06T23:45:00
35281,268,268,SCREEN 3,English,3D,True,,3D,14,,2026-03-06T11:15:00,2026-03-06T13:38:00
35281,268,268,SCREEN 3,English,3D,True,,3D,14,,2026-03-06T13:40:00,2026-03-06T16:03:00
35281,268,266,SCREEN 3,English,3D,True,,3D,14,,2026-03-06T19:05:00,2026-03-06T21:28:00
35281,104,104,SCREEN 1,English,3D,True,,3D,282,,2026-03-06T11:50:00,2026-03-06T14:13:00
35281,104,104,SCREEN 1,English,3D,True,,3D,282,,2026-03-06T14:15:00,2026-03-06T16:38:00
35281,104,104,SCREEN 1,English,3D,True,,3D,282,,2026-03-06T19:35:00,2026-03-06T21:58:00
35281,183,183,SCREEN 3,English,3D,True,,3D,261,,2026-03-06T14:00:00,2026-03-06T16:23:00
35281,183,183,SCREEN 3,English,3D,True,,3D,261,,2026-03-06T19:15:00,2026-03-06T21:38:00
35281,171,171,SCREEN 1,English,3D,True,,3D,261,,2026-03-06T21:30:00,2026-03-06T23:52:00
35281,51,51,AUDI 03,English,3D,True,KIDDLES,3D,583,kiddles,2026-03-06T13:50:00,2026-03-06T16:13:00
35281,51,49,AUDI 03,English,3D,True,KIDDLES,3D,583,kiddles,2026-03-06T16:15:00,2026-03-06T18:38:00
35281,51,51,AUDI 03,English,3D,True,KIDDLES,3D,583,kiddles,2026-03-06T18:40:00,2026-03-06T20:59:00
35281,51,47,AUDI 03,English,3D,True,KIDDLES,3D,583,kiddles,2026-03-06T21:00:00,2026-03-06T23:25:00
35281,194,194,AUDI 06,English,3D,True,,3D,385,,2026-03-06T14:00:00,2026-03-06T16:23:00
35281,277,277,AUDI 02,English,3D,True,,3D,385,,2026-03-06T15:55:00,2026-03-06T18:18:00
35281,194,192,AUDI 06,English,3D,True,,3D,385,,2026-03-06T19:15:00,2026-03-06T21:38:00
35281,194,191,AUDI 06,English,3D,True,,3D,385,,2026-03-06T21:40:00,2026-03-07T00:05:00
35281,108,108,AUDI 07 4DX,English,3D 4DX,True,4DX,3D,520,4dx,2026-03-06T12:35:00,2026-03-06T14:38:00
35281,108,108,AUDI 07 4DX,English,3D 4DX,True,4DX,3D,520,4dx,2026-03-06T19:40:00,2026-03-06T21:43:00
35281,303,303,AUDI 02 IMAX,English,3D IMAX,True,IMAX,3D IMAX,520,imax,2026-03-06T13:40:00,2026-03-06T16:03:00
35281,303,303,AUDI 02 IMAX,English,3D IMAX,True,IMAX,3D IMAX,520,imax,2026-03-06T22:15:00,2026-03-07T00:40:00
35281,77,72,AUDI 01 PLAY HOUSE,English,3D,True,PLAYHOUSE,3D,520,playhouse,2026-03-06T10:55:00,2026-03-06T13:18:00
35281,77,77,AUDI 01 PLAY HOUSE,English,3D,True,PLAYHOUSE,3D,520,playhouse,2026-03-06T15:40:00,2026-03-06T18:03:00
35281,77,77,AUDI 01 PLAY HOUSE,English,3D,True,PLAYHOUSE,3D,520,playhouse,2026-03-06T18:05:00,2026-03-06T20:28:00
35281,236,235,IMAX 4,English,3D IMAX,True,IMAX,3D IMAX,148,imax,2026-03-06T09:40:00,2026-03-06T11:58:00
35281,236,236,IMAX 4,English,3D IMAX,True,IMAX,3D IMAX,148,imax,2026-03-06T14:50:00,2026-03-06T17:12:00
35281,236,232,IMAX 4,English,3D IMAX,True,IMAX,3D IMAX,148,imax,2026-03-06T20:05:00,2026-03-06T22:27:00
35281,176,176,SCREEN-2,English,3D ATMOS,True,,3D,522,,2026-03-06T13:50:00,2026-03-06T16:13:00
35281,176,176,SCREEN-2,English,3D ATMOS,True,,3D,522,,2026-03-06T18:55:00,2026-03-06T21:18:00
35281,276,276,SCREEN 2,English,3D,True,,3D,127,,2026-03-06T14:40:00,2026-03-06T17:03:00
35281,276,276,SCREEN 2,English,3D,True,,3D,127,,2026-03-06T19:55:00,2026-03-06T22:18:00
35281,108,107,SCREEN 2,English,3D,True,,3D,208,,2026-03-06T14:35:00,2026-03-06T16:58:00
35281,108,108,SCREEN 2,English,3D,True,,3D,208,,2026-03-06T19:55:00,2026-03-06T22:18:00
35281,178,178,AUDI 02,English,3D,True,LASER,3D,528,laser,2026-03-06T11:35:00,2026-03-06T13:58:00
35281,178,176,AUDI 02,English,3D,True,LASER,3D,528,laser,2026-03-06T14:00:00,2026-03-06T16:23:00
35281,178,178,AUDI 02,English,3D,True,LASER,3D,528,laser,2026-03-06T19:15:00,2026-03-06T21:38:00
35281,40,39,AUDI 03,English,3D,True,,3D,529,,2026-03-06T12:05:00,2026-03-06T14:13:00
35281,40,36,AUDI 05,English,3D,True,,3D,529,,2026-03-06T14:40:00,2026-03-06T16:48:00
35281,40,40,AUDI 03,English,3D,True,,3D,529,,2026-03-06T19:20:00,2026-03-06T21:28:00
35281,40,25,AUDI 03,English,3D,True,,3D,529,,2026-03-06T21:30:00,2026-03-06T23:40:00
35281,92,88,AUDI 2 4DX,English,3D 4DX,True,4DX,3D,507,4dx,2026-03-06T17:40:00,2026-03-06T19:43:00
35281,28,28,AUDI 11 GOLD,English,3D,True,GOLD,3D,507,gold,2026-03-06T11:00:00,2026-03-06T13:25:00
35281,335,331,AUDI 1 IMAX,English,3D IMAX,True,IMAX,3D IMAX,507,imax,2026-03-06T14:50:00,2026-03-06T17:13:00
35281,335,304,AUDI 1 IMAX,English,3D IMAX,True,IMAX,3D IMAX,507,imax,2026-03-06T20:05:00,2026-03-06T22:28:00
35281,97,97,AUDI 3 PLAYHOUSE,English,3D,True,PLAYHOUSE,3D,507,playhouse,2026-03-06T09:50:00,2026-03-06T12:13:00
35281,97,92,AUDI 3 PLAYHOUSE,English,3D,True,PLAYHOUSE,3D,507,playhouse,2026-03-06T21:00:00,2026-03-06T23:25:00
35281,40,37,SCREEN 13,English,3D,True,INSIGNIA,3D,309,insignia,2026-03-06T20:45:00,2026-03-06T23:10:00
35281,132,132,SCREEN 10,English,3D,True,LASER,3D,309,laser,2026-03-06T11:55:00,2026-03-06T14:18:00
35281,132,128,SCREEN 10,English,3D,True,LASER,3D,309,laser,2026-03-06T14:20:00,2026-03-06T16:43:00
35281,132,123,SCREEN 10,English,3D,True,LASER,3D,309,laser,2026-03-06T19:05:00,2026-03-06T21:28:00
34782,186,178,SCREEN 2,English,,True,,,24,,2026-03-05T14:00:00,2026-03-05T16:29:00
34782,206,206,SCREEN 1,English,ATMOS,True,ATMOS,,24,atmos,2026-03-05T16:30:00,2026-03-05T18:59:00
34782,52,52,AUDI 01,English,ATMOS,True,GOLD,,390,gold,2026-03-05T18:55:00,2026-03-05T21:29:00
34782,259,257,AUDI 03,English,IMAX,True,IMAX,IMAX,390,imax,2026-03-05T16:35:00,2026-03-05T19:09:00
34782,259,256,AUDI 03,English,IMAX,True,IMAX,IMAX,390,imax,2026-03-05T22:30:00,2026-03-06T01:04:00
34782,188,170,AUDI 03,English,,True,,,391,,2026-03-05T11:25:00,2026-03-05T13:56:00
34782,188,175,AUDI 03,English,,True,,,391,,2026-03-05T14:00:00,2026-03-05T16:31:00
34782,188,188,AUDI 03,English,,True,,,391,,2026-03-05T19:25:00,2026-03-05T21:56:00
34782,188,188,AUDI 04,English,,True,,,391,,2026-03-05T22:10:00,2026-03-06T00:41:00
34782,242,242,SCREEN 3,English,ATMOS,True,ATMOS,,150,atmos,2026-03-05T18:55:00,2026-03-05T21:24:00
34782,321,321,IMAX 5,English,IMAX,True,IMAX,IMAX,231,imax,2026-03-05T11:05:00,2026-03-05T13:33:00
34782,321,321,IMAX 5,English,IMAX,True,IMAX,IMAX,231,imax,2026-03-05T16:50:00,2026-03-05T19:18:00
34782,321,320,IMAX 5,English,IMAX,True,IMAX,IMAX,231,imax,2026-03-05T19:25:00,2026-03-05T21:54:00
34782,206,202,SCREEN 5,English,ATMOS,True,ATMOS,,110,atmos,2026-03-05T11:20:00,2026-03-05T13:49:00
34782,206,196,SCREEN 5,English,ATMOS,True,ATMOS,,110,atmos,2026-03-05T13:55:00,2026-03-05T16:24:00
34782,206,206,SCREEN 5,English,ATMOS,True,ATMOS,,110,atmos,2026-03-05T16:30:00,2026-03-05T18:59:00
34782,206,206,SCREEN 5,English,ATMOS,True,ATMOS,,110,atmos,2026-03-05T22:00:00,2026-03-06T00:29:00
34782,76,76,AUDI 05 4DX,English,4DX,True,4DX,,531,4dx,2026-03-05T11:10:00,2026-03-05T13:24:00
34782,76,66,AUDI 05 4DX,English,4DX,True,4DX,,531,4dx,2026-03-05T13:25:00,2026-03-05T15:39:00
34782,76,76,AUDI 05 4DX,English,4DX,True,4DX,,531,4dx,2026-03-05T19:30:00,2026-03-05T21:44:00
34782,318,316,AUDI 01 PXL,English,ATMOS,True,PXL,,531,pxl,2026-03-05T16:50:00,2026-03-05T19:21:00
34782,318,316,AUDI 01 PXL,English,ATMOS,True,PXL,,531,pxl,2026-03-05T22:15:00,2026-03-06T00:46:00
34782,259,250,SCREEN 3,English,ATMOS,True,,,510,,2026-03-05T14:00:00,2026-03-05T16:34:00
34782,259,257,SCREEN 3,English,ATMOS,True,,,510,,2026-03-05T19:25:00,2026-03-05T21:59:00
34782,88,77,AUDI 11 4DX,English,4DX,True,4DX,,533,4dx,2026-03-05T12:40:00,2026-03-05T14:54:00
34782,88,84,AUDI 11 4DX,English,4DX,True,4DX,,533,4dx,2026-03-05T14:55:00,2026-03-05T17:09:00
34782,88,88,AUDI 11 4DX,English,4DX,True,4DX,,533,4dx,2026-03-05T19:00:00,2026-03-05T21:14:00
34782,231,229,AUDI 11,English,,True,,,511,,2026-03-05T19:40:00,2026-03-05T22:14:00
34782,81,80,AUDI 03 4DX,English,4DX,True,4DX,,511,4dx,2026-03-05T11:05:00,2026-03-05T13:19:00
34782,81,76,AUDI 03 4DX,English,4DX,True,4DX,,511,4dx,2026-03-05T15:10:00,2026-03-05T17:24:00
34782,81,80,AUDI 03 4DX,English,4DX,True,4DX,,511,4dx,2026-03-05T21:15:00,2026-03-05T23:29:00
34782,44,42,AUDI 01 GOLD,English,,True,GOLD,,511,gold,2026-03-05T13:50:00,2026-03-05T16:24:00
34782,84,78,AUDI 04 4DX,English,4DX,True,4DX,,534,4dx,2026-03-05T11:55:00,2026-03-05T14:09:00
34782,84,82,AUDI 04 4DX,English,4DX,True,4DX,,534,4dx,2026-03-05T14:10:00,2026-03-05T16:24:00
34782,84,84,AUDI 04 4DX,English,4DX,True,4DX,,534,4dx,2026-03-05T18:15:00,2026-03-05T20:29:00
34782,192,190,AUDI 02,English,,True,,,512,,2026-03-05T22:30:00,2026-03-06T01:04:00
34782,86,85,AUDI 01,English,4DX,True,4DX,,512,4dx,2026-03-05T13:15:00,2026-03-05T15:29:00
34782,86,86,AUDI 01,English,4DX,True,4DX,,512,4dx,2026-03-05T15:30:00,2026-03-05T17:44:00
34782,86,86,AUDI 01,English,4DX,True,4DX,,512,4dx,2026-03-05T19:35:00,2026-03-05T21:49:00
34782,234,230,SCREEN-5,English,,True,,,519,,2026-03-05T22:00:00,2026-03-06T00:34:00
34782,137,137,SCREEN 4,English,,True,,,14,,2026-03-05T18:40:00,2026-03-05T21:07:00
34782,104,104,SCREEN 4,English,,True,LASER,,282,laser,2026-03-05T11:20:00,2026-03-05T13:49:00
34782,104,100,SCREEN 4,English,,True,LASER,,282,laser,2026-03-05T13:55:00,2026-03-05T16:24:00
34782,104,99,SCREEN 4,English,,True,LASER,,282,laser,2026-03-05T19:35:00,2026-03-05T22:04:00
34782,104,104,SCREEN 4,English,,True,LASER,,282,laser,2026-03-05T22:10:00,2026-03-06T00:39:00
34782,183,171,SCREEN 4,English,,True,,,261,,2026-03-05T12:50:00,2026-03-05T15:17:00
34782,183,183,SCREEN 4,English,,True,,,261,,2026-03-05T21:35:00,2026-03-06T00:02:00
34782,190,175,AUDI 07,English,,True,,,583,,2026-03-05T10:50:00,2026-03-05T13:04:00
34782,271,267,AUDI 05,English,,True,BIGPIX,,583,bigpix,2026-03-05T13:30:00,2026-03-05T16:04:00
34782,26,26,AUDI 08,English,,True,DINE-IN,,583,dine-in,2026-03-05T15:45:00,2026-03-05T18:19:00
34782,26,26,AUDI 08,English,,True,DINE-IN,,583,dine-in,2026-03-05T21:10:00,2026-03-05T23:44:00
34782,235,230,AUDI 01,English,,True,,,385,,2026-03-05T10:10:00,2026-03-05T12:44:00
34782,235,231,AUDI 01,English,,True,,,385,,2026-03-05T12:45:00,2026-03-05T15:19:00
34782,272,271,AUDI 03,English,,True,,,385,,2026-03-05T15:55:00,2026-03-05T18:29:00
34782,108,108,AUDI 07 4DX,English,4DX,True,4DX,,520,4dx,2026-03-05T12:50:00,2026-03-05T15:04:00
34782,108,108,AUDI 07 4DX,English,4DX,True,4DX,,520,4dx,2026-03-05T16:55:00,2026-03-05T19:09:00
34782,243,235,AUDI 02 IMAX,English,IMAX,True,IMAX,IMAX,520,imax,2026-03-05T13:50:00,2026-03-05T16:24:00
34782,303,299,AUDI 02 IMAX,English,IMAX,True,IMAX,IMAX,520,imax,2026-03-05T19:25:00,2026-03-05T21:59:00
34782,243,239,AUDI 02 IMAX,English,IMAX,True,IMAX,IMAX,520,imax,2026-03-05T22:00:00,2026-03-06T00:34:00
34782,236,230,IMAX 4,English,IMAX,True,IMAX,IMAX,148,imax,2026-03-05T10:15:00,2026-03-05T12:42:00
34782,236,236,IMAX 4,English,IMAX,True,IMAX,IMAX,148,imax,2026-03-05T12:50:00,2026-03-05T15:17:00
34782,236,234,IMAX 4,English,IMAX,True,IMAX,IMAX,148,imax,2026-03-05T18:35:00,2026-03-05T21:02:00
34782,276,276,SCREEN 2,English,,True,,,127,,2026-03-05T16:00:00,2026-03-05T18:29:00
34782,105,105,SCREEN 1,English,,True,,,208,,2026-03-05T13:20:00,2026-03-05T15:49:00
34782,108,108,SCREEN 2,English,,True,,,208,,2026-03-05T16:40:00,2026-03-05T19:07:00
34782,92,88,AUDI 2 4DX,English,4DX,True,4DX,,507,4dx,2026-03-05T15:50:00,2026-03-05T18:04:00
34782,92,87,AUDI 2 4DX,English,4DX,True,4DX,,507,4dx,2026-03-05T19:55:00,2026-03-05T22:09:00
34782,335,331,AUDI 1 IMAX,English,IMAX,True,IMAX,IMAX,507,imax,2026-03-05T10:40:00,2026-03-05T13:14:00
34782,335,335,AUDI 1 IMAX,English,IMAX,True,IMAX,IMAX,507,imax,2026-03-05T16:35:00,2026-03-05T19:09:00
34782,335,332,AUDI 1 IMAX,English,IMAX,True,IMAX,IMAX,507,imax,2026-03-05T22:30:00,2026-03-06T01:04:00
34782,41,40,AUDI 01,English,,True,,,529,,2026-03-05T10:50:00,2026-03-05T13:09:00
34782,44,42,AUDI 02,English,,True,,,529,,2026-03-05T16:05:00,2026-03-05T18:24:00
34782,40,38,AUDI 03,English,,True,,,529,,2026-03-05T22:10:00,2026-03-06T00:29:00
34782,41,41,SCREEN 14,English,,True,INSIGNIA,,309,insignia,2026-03-05T16:50:00,2026-03-05T19:24:00
34782,170,168,SCREEN 7,English,SCREEN X,True,SCREEN X,,309,screen-x,2026-03-05T10:30:00,2026-03-05T13:04:00
34782,170,165,SCREEN 7,English,SCREEN X,True,SCREEN X,,309,screen-x,2026-03-05T13:05:00,2026-03-05T15:39:00
34782,170,170,SCREEN 7,English,SCREEN X,True,SCREEN X,,309,screen-x,2026-03-05T19:40:00,2026-03-05T22:14:00
36700,171,138,AUDI 05,Kannada,,False,,,391,,2026-03-05T12:30:00,2026-03-05T15:30:00
36700,171,171,AUDI 05,Kannada,,False,,,391,,2026-03-05T18:25:00,2026-03-05T20:58:00
36700,170,170,AUDI 02,Kannada,,False,,,391,,2026-03-05T21:40:00,2026-03-06T00:13:00
36700,234,234,SCREEN 2,Kannada,,False,,,150,,2026-03-05T18:10:00,2026-03-05T20:45:00
36700,171,170,SCREEN 1,Kannada,,False,,,261,,2026-03-05T15:50:00,2026-03-05T18:23:00
36700,155,136,AUDI 01,Kannada,,False,,,583,,2026-03-05T12:25:00,2026-03-05T15:00:00
36700,194,193,AUDI 06,Kannada,,False,,,385,,2026-03-05T15:45:00,2026-03-05T18:20:00
36700,194,194,AUDI 06,Kannada,,False,,,385,,2026-03-05T21:40:00,2026-03-06T00:43:00
36700,213,176,SCREEN 4,Kannada,,False,LASER,,231,laser,2026-03-05T12:30:00,2026-03-05T15:05:00
36700,213,213,SCREEN 4,Kannada,,False,LASER,,231,laser,2026-03-05T18:25:00,2026-03-05T21:00:00
36700,144,116,AUDI 07,Kannada,,False,LASER,,531,laser,2026-03-05T12:10:00,2026-03-05T14:45:00
36700,182,178,AUDI 02,Kannada,,False,LASER,,531,laser,2026-03-05T15:55:00,2026-03-05T18:58:00
36700,110,105,AUDI 06,Kannada,,False,,,520,,2026-03-05T15:55:00,2026-03-05T18:30:00
36700,85,83,AUDI 05,Kannada,,False,,,520,,2026-03-05T22:10:00,2026-03-06T00:45:00
36700,201,169,AUDI 09,Kannada,,False,,,533,,2026-03-05T12:30:00,2026-03-05T15:33:00
36700,230,228,AUDI 06,Kannada,,False,,,533,,2026-03-05T18:45:00,2026-03-05T21:20:00
36700,125,125,SCREEN-1,Kannada,,False,,,522,,2026-03-05T15:40:00,2026-03-05T18:15:00
36700,375,367,AUDI 05,Kannada,,False,ATMOS,,511,atmos,2026-03-05T15:35:00,2026-03-05T18:10:00
36700,375,375,AUDI 05,Kannada,,False,ATMOS,,511,atmos,2026-03-05T21:30:00,2026-03-06T00:05:00
36700,44,44,AUDI 02 GOLD,Kannada,,False,GOLD,,511,gold,2026-03-05T18:25:00,2026-03-05T21:00:00
36700,215,165,SCREEN 2,Kannada,,False,,,148,,2026-03-05T13:30:00,2026-03-05T16:02:00
36700,233,203,AUDI 06,Kannada,,False,LASER,,534,laser,2026-03-05T12:10:00,2026-03-05T14:45:00
36700,233,233,AUDI 06,Kannada,,False,LASER,,534,laser,2026-03-05T18:05:00,2026-03-05T20:40:00
36700,121,121,AUDI 02,Kannada,,False,LASER,,534,laser,2026-03-05T21:00:00,2026-03-05T23:32:00
36700,276,276,SCREEN 2,Kannada,,False,,,127,,2026-03-05T13:00:00,2026-03-05T15:59:00
36700,178,177,AUDI 02,Kannada,,False,LASER,,528,laser,2026-03-05T15:45:00,2026-03-05T18:20:00
36700,178,178,AUDI 02,Kannada,,False,LASER,,528,laser,2026-03-05T21:45:00,2026-03-06T00:22:00
36700,44,44,AUDI 02,Kannada,,False,,,529,,2026-03-05T11:00:00,2026-03-05T13:25:00
36700,162,162,SCREEN 9,Kannada,,False,LASER,,309,laser,2026-03-05T18:45:00,2026-03-05T21:43:00
36700,234,220,SCREEN-5,Kannada,,False,,,519,,2026-03-05T13:05:00,2026-03-05T15:40:00
36700,234,232,SCREEN-5,Kannada,,False,,,519,,2026-03-05T18:55:00,2026-03-05T21:30:00
36754,41,41,INSIGNIA 3,Hindi,,False,INSIGNIA,,24,insignia,2026-03-06T19:15:00,2026-03-06T22:08:00
36754,137,137,SCREEN 4,Hindi,,False,,,14,,2026-03-06T19:05:00,2026-03-06T21:58:00
36754,152,152,AUDI 04,Hindi,,False,,,390,,2026-03-06T21:45:00,2026-03-07T00:40:00
36754,104,104,SCREEN 5,Hindi,,False,LASER,,282,laser,2026-03-06T19:05:00,2026-03-06T21:58:00
36754,183,183,SCREEN 4,Hindi,,False,,,261,,2026-03-06T19:15:00,2026-03-06T22:08:00
36754,154,154,AUDI 02,Hindi,,False,,,583,,2026-03-06T19:15:00,2026-03-06T22:08:00
36754,95,95,AUDI 07,Hindi,,False,,,385,,2026-03-06T21:50:00,2026-03-07T00:45:00
36754,213,213,SCREEN 4,Hindi,,False,LASER,,231,laser,2026-03-06T18:45:00,2026-03-06T21:38:00
36754,167,165,SCREEN 3,Hindi,,False,LASER,,110,laser,2026-03-06T13:20:00,2026-03-06T16:13:00
36754,151,151,AUDI 09,Hindi,,False,,,520,,2026-03-06T19:05:00,2026-03-06T21:58:00
36754,370,369,AUDI 07,Hindi,,False,,,511,,2026-03-06T18:35:00,2026-03-06T21:28:00
36754,192,192,AUDI 02,Hindi,,False,,,512,,2026-03-06T13:00:00,2026-03-06T15:53:00
36754,105,105,SCREEN 1,Hindi,,False,,,208,,2026-03-06T14:05:00,2026-03-06T17:02:00
36754,41,38,AUDI 01,Hindi,,False,,,529,,2026-03-06T14:00:00,2026-03-06T16:43:00
36754,28,26,AUDI 10 GOLD,Hindi,,False,GOLD,,507,gold,2026-03-06T16:15:00,2026-03-06T19:08:00
36754,162,162,SCREEN 9,Hindi,,False,LASER,,309,laser,2026-03-06T12:05:00,2026-03-06T14:58:00
35811,131,129,AUDI 06,English,,False,CLUB,,583,club,2026-03-05T22:00:00,2026-03-06T00:47:00
35811,320,320,AUDI 04,English,,False,ATMOS,,511,atmos,2026-03-05T21:45:00,2026-03-06T00:32:00
35811,44,38,AUDI 01 GOLD,English,,False,GOLD,,511,gold,2026-03-05T16:25:00,2026-03-05T19:12:00
35811,152,148,AUDI 04,English,,False,,,390,,2026-03-05T16:00:00,2026-03-05T18:47:00
35811,24,24,AUDI 09,English,,False,GOLD,,390,gold,2026-03-05T18:00:00,2026-03-05T20:47:00
35811,24,22,AUDI 08,English,,False,GOLD,,390,gold,2026-03-05T20:30:00,2026-03-05T23:17:00
35811,40,35,AUDI 03,English,,False,,,529,,2026-03-05T10:45:00,2026-03-05T13:17:00
35811,41,34,AUDI 01,English,,False,,,529,,2026-03-05T19:25:00,2026-03-05T21:57:00
35811,40,34,AUDI 04,English,,False,,,529,,2026-03-05T21:45:00,2026-03-06T00:17:00
35811,183,175,AUDI 9,English,,False,,,507,,2026-03-05T10:00:00,2026-03-05T12:47:00
35811,183,171,AUDI 9,English,,False,,,507,,2026-03-05T22:10:00,2026-03-06T00:55:00
35811,41,38,SCREEN 14,English,,False,INSIGNIA,,309,insignia,2026-03-05T14:00:00,2026-03-05T16:47:00
35811,132,118,SCREEN 10,English,,False,LASER,,309,laser,2026-03-05T16:35:00,2026-03-05T19:22:00
36699,137,137,SCREEN 2,Kannada,,False,,,14,,2026-03-05T19:20:00,2026-03-05T22:06:00
36699,152,149,AUDI 04,Kannada,,False,,,390,,2026-03-05T13:10:00,2026-03-05T15:58:00
36699,127,116,AUDI 01,Kannada,,False,,,391,,2026-03-05T11:00:00,2026-03-05T13:33:00
36699,171,168,AUDI 05,Kannada,,False,,,391,,2026-03-05T15:35:00,2026-03-05T18:21:00
36699,171,171,AUDI 05,Kannada,,False,,,391,,2026-03-05T21:30:00,2026-03-06T00:16:00
36699,104,103,SCREEN 1,Kannada,,False,,,282,,2026-03-05T18:10:00,2026-03-05T20:58:00
36699,234,234,SCREEN 2,Kannada,,False,,,150,,2026-03-05T15:20:00,2026-03-05T18:08:00
36699,171,167,SCREEN 1,Kannada,,False,,,261,,2026-03-05T18:55:00,2026-03-05T21:41:00
36699,155,152,AUDI 01,Kannada,,False,,,583,,2026-03-05T15:30:00,2026-03-05T18:18:00
36699,194,189,AUDI 06,Kannada,,False,,,385,,2026-03-05T12:55:00,2026-03-05T15:43:00
36699,194,194,AUDI 06,Kannada,,False,,,385,,2026-03-05T18:50:00,2026-03-05T21:38:00
36699,213,212,SCREEN 2,Kannada,,False,,,231,,2026-03-05T15:15:00,2026-03-05T18:03:00
36699,213,213,SCREEN 2,Kannada,,False,,,231,,2026-03-05T21:15:00,2026-03-06T00:03:00
36699,167,167,SCREEN 3,Kannada,,False,LASER,,110,laser,2026-03-05T14:50:00,2026-03-05T17:36:00
36699,85,75,AUDI 05,Kannada,,False,,,520,,2026-03-05T10:30:00,2026-03-05T13:18:00
36699,85,85,AUDI 05,Kannada,,False,,,520,,2026-03-05T19:20:00,2026-03-05T22:08:00
36699,77,76,SCREEN 4,Kannada,,False,,,510,,2026-03-05T15:40:00,2026-03-05T18:28:00
36699,223,221,AUDI 07,Kannada,,False,,,533,,2026-03-05T16:00:00,2026-03-05T18:48:00
36699,375,360,AUDI 05,Kannada,,False,ATMOS,,511,atmos,2026-03-05T12:45:00,2026-03-05T15:33:00
36699,375,375,AUDI 05,Kannada,,False,ATMOS,,511,atmos,2026-03-05T18:40:00,2026-03-05T21:28:00
36699,233,226,AUDI 06,Kannada,,False,LASER,,534,laser,2026-03-05T15:15:00,2026-03-05T18:03:00
36699,121,121,AUDI 02,Kannada,,False,LASER,,534,laser,2026-03-05T18:10:00,2026-03-05T20:43:00
36699,233,233,AUDI 06,Kannada,,False,LASER,,534,laser,2026-03-05T21:10:00,2026-03-05T23:58:00
36699,101,100,SCREEN 3,Kannada,,False,,,208,,2026-03-05T16:05:00,2026-03-05T18:53:00
36699,178,159,AUDI 02,Kannada,,False,LASER,,528,laser,2026-03-05T12:55:00,2026-03-05T15:43:00
36699,172,172,AUDI 03,Kannada,,False,LASER,,528,laser,2026-03-05T18:20:00,2026-03-05T21:08:00
36699,162,161,SCREEN 9,Kannada,,False,LASER,,309,laser,2026-03-05T15:55:00,2026-03-05T18:40:00
36699,234,232,SCREEN-4,Kannada,,False,,,519,,2026-03-05T15:40:00,2026-03-05T18:28:00
36753,142,142,AUDI 04,Hindi,,False,,,583,,2026-03-06T13:50:00,2026-03-06T16:47:00
36753,95,95,AUDI 07,Hindi,,False,,,385,,2026-03-06T15:55:00,2026-03-06T18:52:00
36753,77,70,SCREEN 4,Hindi,,False,,,510,,2026-03-06T18:50:00,2026-03-06T21:47:00
36753,201,201,AUDI 08,Hindi,,False,,,533,,2026-03-06T19:30:00,2026-03-06T22:27:00
36753,320,318,AUDI 04,Hindi,,False,ATMOS,,511,atmos,2026-03-06T22:20:00,2026-03-07T01:17:00
36753,140,140,AUDI 08,Hindi,,False,,,512,,2026-03-06T12:10:00,2026-03-06T15:07:00
36753,152,152,AUDI 04,Hindi,,False,,,390,,2026-03-06T18:45:00,2026-03-06T21:42:00
36753,40,40,AUDI 04,Hindi,,False,,,529,,2026-03-06T16:20:00,2026-03-06T19:07:00
36753,162,162,AUDI 6,Hindi,,False,,,507,,2026-03-06T13:30:00,2026-03-06T16:27:00
36753,162,162,SCREEN 9,Hindi,,False,LASER,,309,laser,2026-03-06T18:40:00,2026-03-06T21:37:00
36692,154,154,AUDI 02,Malayalam,,False,,,583,,2026-03-05T21:45:00,2026-03-06T00:47:00
36692,105,100,AUDI 05,Malayalam,,False,,,385,,2026-03-05T19:10:00,2026-03-05T22:12:00
36692,144,142,SCREEN 5,Malayalam,,False,,,24,,2026-03-05T22:00:00,2026-03-06T01:02:00
36692,151,143,AUDI 09,Malayalam,,False,,,520,,2026-03-05T22:00:00,2026-03-06T01:07:00
36692,178,178,SCREEN-3,Malayalam,,False,,,522,,2026-03-05T18:05:00,2026-03-05T21:06:00
36692,140,132,AUDI 08,Malayalam,,False,,,512,,2026-03-05T16:05:00,2026-03-05T19:12:00
36692,101,101,SCREEN 3,Malayalam,,False,,,208,,2026-03-05T22:00:00,2026-03-06T01:02:00
36692,138,134,SCREEN 6,Malayalam,,False,LASER,,309,laser,2026-03-05T18:20:00,2026-03-05T21:27:00
36692,242,241,SCREEN 3,Malayalam,,False,ATMOS,,282,atmos,2026-03-05T21:40:00,2026-03-06T00:42:00
36692,171,171,SCREEN 1,Malayalam,,False,,,261,,2026-03-05T21:45:00,2026-03-06T00:45:00
36235,167,167,SCREEN 3,Hindi,,False,LASER,,110,laser,2026-03-06T16:15:00,2026-03-06T18:49:00
36235,144,144,AUDI 07,Hindi,,False,LASER,,531,laser,2026-03-06T22:00:00,2026-03-07T00:39:00
36235,110,110,AUDI 06,Hindi,,False,,,520,,2026-03-06T19:35:00,2026-03-06T22:17:00
36235,201,201,AUDI 09,Hindi,,False,,,533,,2026-03-06T15:50:00,2026-03-06T18:32:00
36235,276,276,AUDI 08,Hindi,,False,,,511,,2026-03-06T13:40:00,2026-03-06T16:22:00
36235,73,73,AUDI 09,Hindi,,False,,,512,,2026-03-06T16:15:00,2026-03-06T18:57:00
36235,163,163,SCREEN 8,Hindi,,False,LASER,,309,laser,2026-03-06T21:55:00,2026-03-07T00:37:00
36747,154,154,AUDI 02,English,,False,,,583,,2026-03-06T11:00:00,2026-03-06T13:23:00
36747,144,144,AUDI 07,English,,False,LASER,,531,laser,2026-03-06T16:50:00,2026-03-06T19:13:00
36747,73,71,AUDI 09,English,,False,,,512,,2026-03-06T13:50:00,2026-03-06T16:13:00
36747,40,40,AUDI 05,English,,False,,,529,,2026-03-06T19:35:00,2026-03-06T21:44:00
36747,138,136,SCREEN 6,English,,False,LASER,,309,laser,2026-03-06T16:45:00,2026-03-06T19:08:00
36566,51,50,AUDI 03,French,,True,KIDDLES,,583,kiddles,2026-03-05T18:25:00,2026-03-05T20:29:00
36566,167,166,SCREEN 3,French,,True,LASER,,110,laser,2026-03-05T17:40:00,2026-03-05T19:41:00
36566,77,74,AUDI 01 PLAY HOUSE,French,,True,PLAYHOUSE,,520,playhouse,2026-03-05T14:25:00,2026-03-05T16:29:00
36566,171,171,AUDI 10,French,,True,,,533,,2026-03-05T22:10:00,2026-03-06T00:14:00
36566,231,231,AUDI 11,French,,True,,,511,,2026-03-05T17:35:00,2026-03-05T19:39:00
36566,97,97,AUDI 3 PLAYHOUSE,French,,True,PLAYHOUSE,,507,playhouse,2026-03-05T20:45:00,2026-03-05T22:49:00
36566,41,41,SCREEN 14,French,,True,INSIGNIA,,309,insignia,2026-03-05T19:25:00,2026-03-05T21:29:00
36566,132,131,SCREEN 10,French,,True,LASER,,309,laser,2026-03-05T12:25:00,2026-03-05T14:29:00
36337,110,105,AUDI 06,Portugese,,False,,,520,,2026-03-05T12:40:00,2026-03-05T15:53:00
36337,30,30,AUDI 10 GOLD,Portugese,,False,GOLD,,520,gold,2026-03-05T18:45:00,2026-03-05T21:58:00
36337,228,228,AUDI 09,Portugese,,False,,,511,,2026-03-05T21:45:00,2026-03-06T01:02:00
36337,73,73,AUDI 09,Portugese,,False,,,512,,2026-03-05T19:00:00,2026-03-05T22:14:00
36337,40,34,AUDI 03,Portugese,,False,,,529,,2026-03-05T19:05:00,2026-03-05T22:07:00
36337,183,180,AUDI 9,Portugese,,False,,,507,,2026-03-05T15:55:00,2026-03-05T19:08:00
36337,48,46,SCREEN 12,Portugese,,False,INSIGNIA,,309,insignia,2026-03-05T15:10:00,2026-03-05T18:24:00
36337,132,130,SCREEN 10,Portugese,,False,LASER,,309,laser,2026-03-05T21:30:00,2026-03-06T00:47:00
36176,85,83,AUDI 05,Marathi,,True,,,520,,2026-03-06T19:40:00,2026-03-06T22:08:00
36176,73,73,AUDI 09,Marathi,,True,,,512,,2026-03-06T19:00:00,2026-03-06T21:28:00
36176,122,122,SCREEN 5,Marathi,,True,LASER,,309,laser,2026-03-06T21:20:00,2026-03-06T23:48:00
36752,143,132,AUDI 08,Manipuri,,True,,,520,,2026-03-06T19:40:00,2026-03-06T21:49:00
36672,151,131,AUDI 09,Hindi,,False,,,520,,2026-03-05T14:05:00,2026-03-05T16:33:00
35101,122,122,SCREEN 5,Punjabi,,False,LASER,,309,laser,2026-03-05T19:10:00,2026-03-05T21:43:00
36581,140,140,AUDI 08,Hindi,,False,,,512,,2026-03-06T21:50:00,2026-03-07T00:24:00
34780,131,125,AUDI 06,English,3D,True,CLUB,3D,583,club,2026-03-05T13:50:00,2026-03-05T16:10:00
34780,51,51,AUDI 03,English,3D,True,KIDDLES,3D,583,kiddles,2026-03-05T20:30:00,2026-03-05T22:50:00
34780,41,38,INSIGNIA 3,English,3D,True,INSIGNIA,3D,24,insignia,2026-03-05T12:30:00,2026-03-05T14:39:00
34780,76,71,AUDI 05 4DX,English,3D 4DX,True,4DX,3D,531,4dx,2026-03-05T15:40:00,2026-03-05T17:38:00
34780,77,63,AUDI 01 PLAY HOUSE,English,3D,True,PLAYHOUSE,3D,520,playhouse,2026-03-05T12:05:00,2026-03-05T14:23:00
34780,206,196,SCREEN 2,English,3D,True,,3D,510,,2026-03-05T12:50:00,2026-03-05T15:08:00
34780,227,226,AUDI 12 ICE,English,3D ICE,True,ICE,3D ICE,533,ice,2026-03-05T14:10:00,2026-03-05T16:28:00
34780,227,227,AUDI 12 ICE,English,3D ICE,True,ICE,3D ICE,533,ice,2026-03-05T16:30:00,2026-03-05T18:50:00
34780,231,231,AUDI 11,English,3D,True,,3D,511,,2026-03-05T22:15:00,2026-03-06T00:30:00
34780,81,80,AUDI 03 4DX,English,3D 4DX,True,4DX,3D,511,4dx,2026-03-05T17:25:00,2026-03-05T19:23:00
34780,44,44,AUDI 02 GOLD,English,3D,True,GOLD,3D,511,gold,2026-03-05T21:45:00,2026-03-05T23:58:00
34780,119,118,AUDI 04,English,3D,True,PLAYHOUSE,3D,512,playhouse,2026-03-05T16:00:00,2026-03-05T18:18:00
34780,118,116,AUDI 01,English,,False,LASER,,528,laser,2026-03-05T14:50:00,2026-03-05T17:10:00
34780,40,40,AUDI 05,English,3D,True,,3D,529,,2026-03-05T11:05:00,2026-03-05T13:08:00
34780,97,95,AUDI 3 PLAYHOUSE,English,3D,True,PLAYHOUSE,3D,507,playhouse,2026-03-05T09:40:00,2026-03-05T11:59:00
34780,97,95,AUDI 3 PLAYHOUSE,English,3D,True,PLAYHOUSE,3D,507,playhouse,2026-03-05T16:00:00,2026-03-05T18:18:00
34780,40,40,SCREEN 13,English,3D,True,INSIGNIA,3D,309,insignia,2026-03-05T19:05:00,2026-03-05T21:22:00
34780,138,136,SCREEN 6,English,3D,True,LASER,3D,309,laser,2026-03-05T13:30:00,2026-03-05T15:50:00
34780,138,138,SCREEN 6,English,3D,True,LASER,3D,309,laser,2026-03-05T16:00:00,2026-03-05T18:18:00
35302,145,145,SCREEN 4,Hindi,,True,,,24,,2026-03-05T19:15:00,2026-03-05T22:13:00
35302,137,135,SCREEN 4,Hindi,,True,,,14,,2026-03-05T21:15:00,2026-03-06T00:15:00
35302,178,176,AUDI 06,Hindi,,True,,,390,,2026-03-05T18:25:00,2026-03-05T21:28:00
35302,178,178,AUDI 06,Hindi,,True,,,390,,2026-03-05T21:30:00,2026-03-06T00:35:00
35302,104,104,SCREEN 2,Hindi,,True,,,282,,2026-03-05T21:30:00,2026-03-06T00:30:00
35302,242,227,SCREEN 4,Hindi,,True,,,150,,2026-03-05T13:10:00,2026-03-05T16:08:00
35302,234,232,SCREEN 2,Hindi,,True,,,150,,2026-03-05T21:15:00,2026-03-06T00:15:00
35302,95,95,AUDI 07,Hindi,,True,,,385,,2026-03-05T18:15:00,2026-03-05T21:18:00
35302,184,184,SCREEN 4,Hindi,,True,,,110,,2026-03-05T16:10:00,2026-03-05T19:08:00
35302,211,211,AUDI 03,Hindi,,True,LASER,,531,laser,2026-03-05T13:10:00,2026-03-05T16:12:00
35302,217,217,SCREEN 1,Hindi,,True,,,510,,2026-03-05T18:45:00,2026-03-05T21:48:00
35302,201,199,AUDI 08,Hindi,,True,,,533,,2026-03-05T21:35:00,2026-03-06T00:40:00
35302,276,269,AUDI 08,Hindi,,True,,,511,,2026-03-05T13:35:00,2026-03-05T16:39:00
35302,199,197,AUDI 06,Hindi,,True,,,512,,2026-03-05T18:40:00,2026-03-05T21:43:00
35302,40,37,AUDI 05,Hindi,,True,,,529,,2026-03-05T13:10:00,2026-03-05T15:58:00
35302,166,166,AUDI 8,Hindi,,True,,,507,,2026-03-05T18:55:00,2026-03-05T21:58:00
35302,163,163,SCREEN 8,Hindi,,True,LASER,,309,laser,2026-03-05T22:00:00,2026-03-06T01:05:00
36682,137,126,SCREEN 4,Tamil,,False,,,14,,2026-03-05T12:35:00,2026-03-05T15:48:00
36682,170,168,AUDI 02,Tamil,,False,,,391,,2026-03-05T15:25:00,2026-03-05T18:36:00
36682,104,102,SCREEN 2,Tamil,,False,,,282,,2026-03-05T15:25:00,2026-03-05T18:36:00
36682,234,227,SCREEN 2,Tamil,,False,,,150,,2026-03-05T12:05:00,2026-03-05T15:18:00
36682,183,183,SCREEN 4,Tamil,,False,,,261,,2026-03-05T15:25:00,2026-03-05T18:36:00
36682,142,136,AUDI 04,Tamil,,False,,,583,,2026-03-05T15:10:00,2026-03-05T18:23:00
36682,105,105,AUDI 05,Tamil,,False,,,385,,2026-03-05T22:15:00,2026-03-06T01:28:00
36682,197,197,AUDI 06,Tamil,,False,LASER,,531,laser,2026-03-05T18:45:00,2026-03-05T21:58:00
36682,190,184,AUDI 03,Tamil,,False,,,520,,2026-03-05T12:50:00,2026-03-05T15:58:00
36682,174,172,AUDI 04,Tamil,,False,,,533,,2026-03-05T16:25:00,2026-03-05T19:38:00
36682,176,176,SCREEN-2,Tamil,,False,,,522,,2026-03-05T18:05:00,2026-03-05T21:18:00
36682,370,352,AUDI 07,Tamil,,False,,,511,,2026-03-05T12:35:00,2026-03-05T15:48:00
36682,249,249,AUDI 05,Tamil,,False,,,534,,2026-03-05T15:15:00,2026-03-05T18:25:00
36682,151,151,AUDI 05,Tamil,,False,,,512,,2026-03-05T15:40:00,2026-03-05T18:53:00
36682,167,167,AUDI 05,Tamil,,False,LASER,,528,laser,2026-03-05T18:05:00,2026-03-05T21:18:00
36682,170,149,SCREEN 2,Tamil,,False,LASER,,309,laser,2026-03-05T11:45:00,2026-03-05T14:58:00
36682,234,219,SCREEN-4,Tamil,,False,,,519,,2026-03-05T12:20:00,2026-03-05T15:33:00
36682,189,189,SCREEN-1,Tamil,,False,,,519,,2026-03-05T21:50:00,2026-03-06T01:03:00
30667,321,303,IMAX 5,English,IMAX,True,IMAX,IMAX,231,imax,2026-03-05T13:40:00,2026-03-05T16:48:00
30667,321,317,IMAX 5,English,IMAX,True,IMAX,IMAX,231,imax,2026-03-05T22:00:00,2026-03-06T01:12:00
30667,303,283,AUDI 02 IMAX,English,IMAX,True,IMAX,IMAX,520,imax,2026-03-05T10:30:00,2026-03-05T13:47:00
30667,236,225,IMAX 4,English,IMAX,True,IMAX,IMAX,148,imax,2026-03-05T15:25:00,2026-03-05T18:33:00
30667,259,247,AUDI 03,English,IMAX,True,IMAX,IMAX,390,imax,2026-03-05T10:40:00,2026-03-05T13:57:00
30667,259,246,AUDI 03,English,IMAX,True,IMAX,IMAX,390,imax,2026-03-05T19:10:00,2026-03-05T22:27:00
30667,335,296,AUDI 1 IMAX,English,IMAX,True,IMAX,IMAX,507,imax,2026-03-05T13:15:00,2026-03-05T16:32:00
30667,335,311,AUDI 1 IMAX,English,IMAX,True,IMAX,IMAX,507,imax,2026-03-05T19:10:00,2026-03-05T22:27:00
30667,163,128,SCREEN 8,English,,True,LASER,,309,laser,2026-03-05T13:10:00,2026-03-05T16:24:00
35262,167,165,SCREEN 3,English,,True,LASER,,110,laser,2026-03-05T21:50:00,2026-03-06T00:43:00
35262,31,30,AUDI 11 GOLD,English,,True,GOLD,,520,gold,2026-03-05T15:50:00,2026-03-05T18:46:00
35262,137,132,SCREEN 2,English,,True,,,14,,2026-03-05T22:10:00,2026-03-06T01:03:00
35262,152,139,AUDI 07,English,,True,,,512,,2026-03-05T13:10:00,2026-03-05T16:08:00
35262,52,52,AUDI 02,English,,True,GOLD,,390,gold,2026-03-05T21:45:00,2026-03-06T00:43:00
35262,40,36,AUDI 04,English,,True,,,529,,2026-03-05T19:00:00,2026-03-05T21:43:00
34162,51,46,AUDI 03,English,,True,KIDDLES,,583,kiddles,2026-03-05T14:25:00,2026-03-05T18:23:00
34162,77,75,AUDI 01 PLAY HOUSE,English,3D,True,PLAYHOUSE,3D,520,playhouse,2026-03-05T16:30:00,2026-03-05T20:25:00
34162,88,86,AUDI 11 4DX,English,3D 4DX,True,4DX,3D,533,4dx,2026-03-05T21:15:00,2026-03-06T01:15:00
34162,236,231,IMAX 4,English,3D IMAX,True,IMAX,3D IMAX,148,imax,2026-03-05T21:10:00,2026-03-06T01:02:00
34162,119,112,AUDI 04,English,3D,True,PLAYHOUSE,3D,512,playhouse,2026-03-05T12:00:00,2026-03-05T15:58:00
34162,170,162,SCREEN 7,English,3D SCREEN X,True,SCREEN X,3D,309,screen-x,2026-03-05T15:40:00,2026-03-05T19:38:00
34162,170,170,SCREEN 7,English,3D SCREEN X,True,SCREEN X,3D,309,screen-x,2026-03-05T22:15:00,2026-03-06T02:15:00
34162,97,97,AUDI 3 PLAYHOUSE,English,3D,True,PLAYHOUSE,3D,507,playhouse,2026-03-05T12:00:00,2026-03-05T15:59:00
36536,131,124,AUDI 06,Telugu,,False,CLUB,,583,club,2026-03-05T16:40:00,2026-03-05T19:13:00
36536,211,211,AUDI 03,Telugu,,False,LASER,,531,laser,2026-03-05T19:05:00,2026-03-05T21:39:00
36536,217,215,SCREEN 1,Telugu,,False,,,510,,2026-03-05T16:10:00,2026-03-05T18:44:00
36536,58,51,AUDI 03,Telugu,,False,LUXE,,533,luxe,2026-03-05T12:30:00,2026-03-05T15:04:00
36536,178,173,SCREEN-3,Telugu,,False,,,522,,2026-03-05T12:40:00,2026-03-05T15:15:00
36536,176,176,SCREEN-2,Telugu,,False,,,522,,2026-03-05T15:15:00,2026-03-05T17:50:00
36536,176,176,SCREEN-2,Telugu,,False,,,522,,2026-03-05T21:20:00,2026-03-05T23:55:00
36536,151,146,AUDI 05,Telugu,,False,,,512,,2026-03-05T13:05:00,2026-03-05T15:39:00
36536,167,165,AUDI 05,Telugu,,False,LASER,,528,laser,2026-03-05T15:30:00,2026-03-05T18:04:00
36536,170,168,SCREEN 3,Telugu,,False,LASER,,309,laser,2026-03-05T18:25:00,2026-03-05T20:59:00
36536,163,160,SCREEN 8,Telugu,,False,LASER,,309,laser,2026-03-05T19:25:00,2026-03-05T21:55:00
36589,171,131,AUDI 10,Kannada,,False,,,533,,2026-03-05T19:35:00,2026-03-05T22:08:00
36589,276,267,AUDI 08,Kannada,,False,,,511,,2026-03-05T19:25:00,2026-03-05T21:58:00
36589,114,114,AUDI 01,Kannada,,False,LASER,,534,laser,2026-03-05T16:20:00,2026-03-05T18:52:00
36589,165,163,SCREEN 11,Kannada,,False,LASER,,309,laser,2026-03-05T16:30:00,2026-03-05T19:03:00
36589,189,170,SCREEN-1,Kannada,,False,,,519,,2026-03-05T12:45:00,2026-03-05T15:18:00
34716,155,155,AUDI 01,Telugu,,False,,,583,,2026-03-05T21:20:00,2026-03-06T01:00:00
34716,235,235,AUDI 01,Telugu,,False,,,385,,2026-03-05T15:20:00,2026-03-05T18:59:00
34716,161,161,AUDI 04,Telugu,,False,LASER,,531,laser,2026-03-05T21:10:00,2026-03-06T00:50:00
34716,206,206,SCREEN 2,Telugu,,False,,,510,,2026-03-05T21:40:00,2026-03-06T01:20:00
34716,230,228,AUDI 06,Telugu,,False,,,533,,2026-03-05T21:50:00,2026-03-06T01:30:00
34716,231,231,AUDI 11,Telugu,,False,,,511,,2026-03-05T11:00:00,2026-03-05T14:33:00
34716,114,113,AUDI 01,Telugu,,False,LASER,,534,laser,2026-03-05T12:40:00,2026-03-05T16:17:00
34716,101,101,SCREEN 3,Telugu,,False,,,208,,2026-03-05T12:25:00,2026-03-05T16:03:00
34716,167,167,AUDI 05,Telugu,,False,LASER,,528,laser,2026-03-05T21:20:00,2026-03-06T00:58:00
34716,162,149,SCREEN 9,Telugu,,False,LASER,,309,laser,2026-03-05T12:10:00,2026-03-05T15:50:00
34716,242,242,SCREEN 3,Telugu,,False,ATMOS,,282,atmos,2026-03-05T15:00:00,2026-03-05T18:38:00
34716,242,240,SCREEN 3,Telugu,,False,ATMOS,,150,atmos,2026-03-05T15:15:00,2026-03-05T18:53:00
34716,171,171,SCREEN 2,Telugu,,False,,,261,,2026-03-05T14:50:00,2026-03-05T18:28:00
36410,190,190,AUDI 07,Tamil,,False,,,583,,2026-03-05T19:05:00,2026-03-05T21:59:00
36410,110,110,AUDI 04,Tamil,,False,,,385,,2026-03-05T21:50:00,2026-03-06T00:46:00
36410,161,159,AUDI 04,Tamil,,False,LASER,,531,laser,2026-03-05T18:15:00,2026-03-05T21:09:00
36410,30,30,AUDI 10 GOLD,Tamil,,False,GOLD,,520,gold,2026-03-05T15:50:00,2026-03-05T18:44:00
36410,223,215,AUDI 07,Tamil,,False,,,533,,2026-03-05T21:50:00,2026-03-06T00:46:00
36410,43,38,AUDI 01,Tamil,,False,LUXE,,533,luxe,2026-03-05T15:30:00,2026-03-05T18:24:00
36410,176,167,SCREEN-2,Tamil,,False,,,522,,2026-03-05T12:20:00,2026-03-05T15:13:00
36410,219,219,AUDI 06,Tamil,,False,,,511,,2026-03-05T21:30:00,2026-03-06T00:26:00
36410,199,199,AUDI 06,Tamil,,False,,,512,,2026-03-05T21:45:00,2026-03-06T00:41:00
36410,162,146,AUDI 6,Tamil,,False,,,507,,2026-03-05T13:05:00,2026-03-05T15:59:00
36410,28,28,AUDI 10 GOLD,Tamil,,False,GOLD,,507,gold,2026-03-05T18:55:00,2026-03-05T21:48:00
36410,165,165,SCREEN 11,Tamil,,False,LASER,,309,laser,2026-03-05T21:50:00,2026-03-06T00:46:00
36048,62,58,SCREEN 2,English,,True,INSIGNIA,,110,insignia,2026-03-05T18:35:00,2026-03-05T21:28:00
36048,108,107,AUDI 07 4DX,English,4DX,True,4DX,,520,4dx,2026-03-05T21:00:00,2026-03-05T23:40:00
36048,92,90,AUDI 2 4DX,English,4DX,True,4DX,,507,4dx,2026-03-05T22:10:00,2026-03-06T00:50:00
36048,40,40,AUDI 05,English,,True,,,529,,2026-03-05T16:00:00,2026-03-05T18:43:00
36048,40,40,AUDI 03,English,,True,,,529,,2026-03-05T16:05:00,2026-03-05T18:50:00
32239,51,49,AUDI 03,English,3D,True,KIDDLES,3D,583,kiddles,2026-03-05T12:00:00,2026-03-05T14:23:00
32239,197,189,AUDI 06,English,3D,True,LASER,3D,531,laser,2026-03-05T13:20:00,2026-03-05T15:43:00
32239,77,75,AUDI 01 PLAY HOUSE,English,,True,PLAYHOUSE,,520,playhouse,2026-03-05T20:30:00,2026-03-05T23:00:00
32239,174,163,AUDI 04,English,,True,,,533,,2026-03-05T11:00:00,2026-03-05T13:23:00
32239,119,114,AUDI 04,English,3D,True,PLAYHOUSE,3D,512,playhouse,2026-03-05T18:20:00,2026-03-05T20:48:00
32239,119,119,AUDI 04,English,3D,True,PLAYHOUSE,3D,512,playhouse,2026-03-05T20:50:00,2026-03-05T23:20:00
32239,97,94,AUDI 3 PLAYHOUSE,English,3D,True,PLAYHOUSE,3D,507,playhouse,2026-03-05T18:20:00,2026-03-05T20:43:00
34923,184,179,SCREEN 4,English,,False,,,110,,2026-03-05T22:10:00,2026-03-06T01:17:00
34923,73,71,AUDI 09,English,,False,,,512,,2026-03-05T22:15:00,2026-03-06T01:30:00
34923,24,24,AUDI 09,English,,False,GOLD,,390,gold,2026-03-05T21:00:00,2026-03-06T00:15:00
34923,162,154,AUDI 6,English,,False,,,507,,2026-03-05T18:45:00,2026-03-05T21:58:00
36295,110,105,AUDI 06,English,,False,,,520,,2026-03-05T22:00:00,2026-03-06T00:56:00
36295,152,150,AUDI 07,English,,False,,,512,,2026-03-05T16:10:00,2026-03-05T19:04:00
36295,162,159,AUDI 6,English,,False,,,507,,2026-03-05T22:00:00,2026-03-06T00:53:00
36295,41,41,SCREEN 14,English,,False,INSIGNIA,,309,insignia,2026-03-05T21:30:00,2026-03-06T00:26:00
36663,110,108,AUDI 04,Hindi,,False,,,385,,2026-03-05T15:50:00,2026-03-05T18:47:00
36663,95,95,AUDI 07,Hindi,,False,,,385,,2026-03-05T21:20:00,2026-03-06T00:17:00
36663,145,142,SCREEN 4,Hindi,,False,,,24,,2026-03-05T16:25:00,2026-03-05T19:14:00
36663,143,136,AUDI 08,Hindi,,False,,,520,,2026-03-05T12:10:00,2026-03-05T15:03:00
36663,137,137,SCREEN 4,Hindi,,False,,,14,,2026-03-05T15:50:00,2026-03-05T18:39:00
36663,276,276,AUDI 08,Hindi,,False,,,511,,2026-03-05T10:40:00,2026-03-05T13:28:00
36663,40,36,AUDI 03,Hindi,,False,,,529,,2026-03-05T13:20:00,2026-03-05T16:01:00
36663,163,161,SCREEN 8,Hindi,,False,LASER,,309,laser,2026-03-05T16:30:00,2026-03-05T19:24:00
36663,104,104,SCREEN 2,Hindi,,False,,,282,,2026-03-05T18:40:00,2026-03-05T21:28:00
36684,142,137,AUDI 04,English,,False,,,583,,2026-03-05T12:45:00,2026-03-05T15:08:00
36684,151,129,AUDI 09,English,,False,,,520,,2026-03-05T19:30:00,2026-03-05T21:58:00
36684,140,133,AUDI 08,English,,False,,,512,,2026-03-05T19:15:00,2026-03-05T21:43:00
36684,122,112,SCREEN 5,English,,False,LASER,,309,laser,2026-03-05T16:45:00,2026-03-05T19:05:00
36684,138,132,SCREEN 6,English,,False,LASER,,309,laser,2026-03-05T21:30:00,2026-03-05T23:58:00
33735,152,149,AUDI 04,Hindi,,True,,,390,,2026-03-05T21:45:00,2026-03-06T00:41:00
33735,24,24,AUDI 08,Hindi,,True,GOLD,,390,gold,2026-03-05T17:30:00,2026-03-05T20:26:00
36592,131,130,AUDI 06,Telugu,,False,CLUB,,583,club,2026-03-05T11:00:00,2026-03-05T13:49:00
36592,171,168,AUDI 10,Telugu,,False,,,533,,2026-03-05T14:10:00,2026-03-05T16:59:00
36592,73,73,AUDI 09,Telugu,,False,,,512,,2026-03-05T13:05:00,2026-03-05T15:54:00
36592,122,115,SCREEN 5,Telugu,,False,LASER,,309,laser,2026-03-05T11:15:00,2026-03-05T14:04:00
36244,227,225,AUDI 12 ICE,English,ICE,False,ICE,ICE,533,ice,2026-03-05T19:05:00,2026-03-05T21:24:00
36244,152,150,AUDI 07,English,,False,,,512,,2026-03-05T19:05:00,2026-03-05T21:24:00
36244,44,34,AUDI 02,English,,False,,,529,,2026-03-05T13:55:00,2026-03-05T15:59:00
35280,86,82,AUDI 01,English,3D 4DX,True,4DX,3D,512,4dx,2026-03-05T11:00:00,2026-03-05T13:13:00
35280,86,84,AUDI 01,English,3D 4DX,True,4DX,3D,512,4dx,2026-03-05T21:50:00,2026-03-06T00:03:00
35280,92,86,AUDI 2 4DX,English,3D 4DX,True,4DX,3D,507,4dx,2026-03-05T13:35:00,2026-03-05T15:48:00
34126,170,169,SCREEN 7,Japanese,SCREEN X,True,SCREEN X,,309,screen-x,2026-03-08T11:40:00,2026-03-08T14:49:00
34126,170,170,SCREEN 7,Japanese,SCREEN X,True,SCREEN X,,309,screen-x,2026-03-08T18:50:00,2026-03-08T21:59:00
36545,166,148,AUDI 8,Malayalam,,False,,,507,,2026-03-05T12:35:00,2026-03-05T15:54:00
36371,144,144,AUDI 07,Malayalam,,False,LASER,,531,laser,2026-03-05T15:15:00,2026-03-05T17:58:00
35249,40,34,AUDI 04,English,,False,,,529,,2026-03-05T11:10:00,2026-03-05T13:41:00
33742,73,20,AUDI 09,English,,False,,,512,,2026-03-15T15:30:00,2026-03-15T18:48:00
31367,303,288,AUDI 02 IMAX,English,IMAX,True,IMAX,IMAX,520,imax,2026-03-05T16:25:00,2026-03-05T19:23:00
34957,73,0,AUDI 09,English,,False,,,512,,2026-03-14T20:00:00,2026-03-14T23:33:00
